,2008,2009,2010,2011,2012,2013,2014,2015,2016,2017,2018
California,3.0,8.0,24.0,31.0,32.0,36.0,100.0,203.0,335.0,563.0,717.0
Beijing,0.0,1.0,5.0,2.0,10.0,12.0,54.0,90.0,189.0,336.0,515.0
Massachusetts,1.0,4.0,3.0,10.0,27.0,19.0,37.0,92.0,127.0,195.0,322.0
New York,1.0,2.0,2.0,11.0,8.0,28.0,29.0,64.0,98.0,155.0,243.0
Maryland,0.0,0.0,3.0,1.0,10.0,15.0,22.0,47.0,84.0,139.0,202.0
South West Community Development Council,0.0,2.0,2.0,3.0,17.0,16.0,27.0,61.0,86.0,112.0,195.0
Guangdong,0.0,0.0,0.0,0.0,4.0,0.0,4.0,35.0,43.0,74.0,186.0
Illinois,0.0,2.0,2.0,6.0,15.0,12.0,11.0,47.0,67.0,96.0,162.0
Texas,3.0,6.0,2.0,5.0,10.0,8.0,34.0,39.0,45.0,96.0,148.0
Shanghai,0.0,1.0,1.0,0.0,3.0,5.0,13.0,15.0,45.0,97.0,140.0
Bavaria,1.0,1.0,3.0,5.0,5.0,13.0,20.0,48.0,76.0,91.0,136.0
Ontario,0.0,1.0,5.0,3.0,12.0,18.0,19.0,64.0,48.0,84.0,129.0
Tokyo,0.0,2.0,8.0,1.0,3.0,2.0,5.0,12.0,19.0,59.0,126.0
Washington,0.0,2.0,1.0,0.0,9.0,7.0,10.0,25.0,50.0,63.0,123.0
Canton of ZÃ¼rich,1.0,2.0,2.0,3.0,4.0,4.0,8.0,22.0,66.0,84.0,119.0
Pennsylvania,0.0,0.0,0.0,2.0,7.0,9.0,12.0,29.0,45.0,59.0,115.0
Baden-WÃ¼rttemberg,0.0,0.0,1.0,1.0,6.0,5.0,5.0,20.0,36.0,71.0,114.0
New South Wales,0.0,1.0,0.0,1.0,4.0,7.0,14.0,16.0,45.0,77.0,114.0
Michigan,2.0,0.0,1.0,1.0,7.0,5.0,12.0,19.0,24.0,70.0,108.0
Oxfordshire,0.0,0.0,0.0,0.0,3.0,10.0,24.0,33.0,57.0,80.0,106.0
Quebec,0.0,0.0,0.0,4.0,10.0,17.0,23.0,53.0,65.0,80.0,102.0
Georgia,0.0,1.0,1.0,0.0,6.0,6.0,3.0,13.0,28.0,69.0,97.0
South Australia,1.0,3.0,2.0,2.0,5.0,13.0,21.0,33.0,60.0,88.0,91.0
New Jersey,2.0,3.0,1.0,4.0,7.0,17.0,11.0,31.0,43.0,80.0,90.0
Royal Borough of Kensington and Chelsea,0.0,0.0,0.0,1.0,4.0,2.0,5.0,13.0,34.0,54.0,88.0
Indiana,1.0,1.0,0.0,3.0,4.0,6.0,11.0,7.0,22.0,48.0,84.0
North Carolina,1.0,1.0,3.0,2.0,9.0,9.0,9.0,22.0,35.0,63.0,82.0
Florida,0.0,2.0,1.0,2.0,2.0,5.0,2.0,4.0,23.0,42.0,80.0
Seoul,0.0,0.0,1.0,1.0,1.0,0.0,3.0,15.0,24.0,38.0,77.0
North Rhine-Westphalia,0.0,0.0,1.0,1.0,4.0,2.0,10.0,5.0,20.0,39.0,74.0
Australian Capital Territory,1.0,5.0,3.0,4.0,0.0,7.0,9.0,17.0,34.0,43.0,71.0
Cambridgeshire,0.0,0.0,0.0,2.0,7.0,3.0,13.0,26.0,22.0,40.0,69.0
Virginia,0.0,2.0,0.0,1.0,2.0,2.0,5.0,12.0,32.0,31.0,68.0
Jiangsu,1.0,0.0,1.0,0.0,1.0,10.0,9.0,21.0,27.0,53.0,68.0
Hubei,0.0,0.0,0.0,0.0,1.0,3.0,5.0,9.0,24.0,32.0,67.0
Taipei,0.0,0.0,0.0,0.0,1.0,1.0,1.0,8.0,13.0,28.0,63.0
Anhui,0.0,0.0,0.0,1.0,0.0,1.0,5.0,8.0,13.0,29.0,63.0
Shaanxi,0.0,0.0,3.0,0.0,0.0,6.0,5.0,10.0,10.0,41.0,63.0
Liaoning,0.0,0.0,1.0,1.0,3.0,4.0,1.0,5.0,9.0,34.0,62.0
Berlin,0.0,0.0,1.0,2.0,6.0,2.0,7.0,10.0,24.0,40.0,60.0
Paris,5.0,4.0,2.0,10.0,13.0,8.0,11.0,24.0,23.0,27.0,60.0
Victoria,0.0,0.0,1.0,5.0,2.0,4.0,4.0,8.0,27.0,33.0,58.0
Zhejiang,0.0,1.0,2.0,1.0,3.0,0.0,5.0,8.0,15.0,33.0,58.0
Yvelines,0.0,5.0,2.0,5.0,9.0,7.0,14.0,23.0,34.0,38.0,57.0
Hunan,0.0,0.0,0.0,0.0,0.0,4.0,4.0,1.0,5.0,14.0,57.0
Tel Aviv District,0.0,0.0,0.0,4.0,6.0,0.0,6.0,9.0,25.0,37.0,57.0
Province of Florence,0.0,0.0,1.0,3.0,3.0,8.0,12.0,16.0,39.0,39.0,54.0
Edinburgh,0.0,0.0,2.0,0.0,5.0,4.0,7.0,16.0,28.0,36.0,54.0
Essonne,1.0,0.0,2.0,4.0,4.0,3.0,6.0,8.0,12.0,22.0,52.0
Ohio,0.0,0.0,1.0,3.0,6.0,6.0,7.0,3.0,13.0,22.0,50.0
Heilongjiang,0.0,0.0,0.0,0.0,3.0,3.0,6.0,15.0,17.0,15.0,47.0
Canton of Vaud,2.0,0.0,0.0,2.0,7.0,4.0,17.0,18.0,22.0,37.0,46.0
Sichuan,0.0,0.0,0.0,2.0,1.0,6.0,6.0,4.0,18.0,26.0,46.0
North Holland,0.0,0.0,0.0,1.0,0.0,4.0,8.0,7.0,21.0,27.0,44.0
Barcelona Province,1.0,0.0,0.0,0.0,0.0,0.0,3.0,10.0,23.0,38.0,43.0
Queensland,0.0,0.0,1.0,2.0,2.0,4.0,14.0,9.0,9.0,28.0,40.0
British Columbia,0.0,1.0,0.0,1.0,1.0,0.0,3.0,10.0,6.0,16.0,39.0
Arizona,1.0,0.0,0.0,1.0,3.0,7.0,2.0,5.0,9.0,22.0,39.0
Haifa District,0.0,1.0,3.0,3.0,6.0,6.0,6.0,6.0,20.0,16.0,37.0
London Borough of Tower Hamlets,0.0,0.0,0.0,0.0,0.0,0.0,5.0,11.0,22.0,28.0,37.0
Tehran Province,1.0,0.0,1.0,0.0,1.0,3.0,6.0,6.0,10.0,13.0,36.0
Trentino,0.0,1.0,1.0,0.0,1.0,2.0,5.0,7.0,12.0,36.0,35.0
South Holland,0.0,0.0,0.0,1.0,1.0,3.0,4.0,8.0,10.0,26.0,33.0
Minnesota,1.0,3.0,2.0,4.0,7.0,1.0,3.0,8.0,10.0,13.0,32.0
Delhi,0.0,0.0,0.0,0.0,0.0,1.0,4.0,5.0,3.0,10.0,32.0
Tianjin,0.0,0.0,0.0,0.0,1.0,0.0,1.0,6.0,11.0,14.0,31.0
Rabat-SalÃ©-Zemmour-Zaer,4.0,2.0,2.0,0.0,6.0,4.0,6.0,9.0,13.0,18.0,31.0
Tennessee,0.0,1.0,0.0,2.0,1.0,2.0,4.0,2.0,3.0,12.0,31.0
Wisconsin,0.0,0.0,0.0,3.0,3.0,3.0,4.0,9.0,7.0,11.0,30.0
Andhra Pradesh,0.0,0.0,1.0,0.0,0.0,0.0,0.0,2.0,4.0,15.0,29.0
Punjab,0.0,0.0,0.0,1.0,1.0,2.0,4.0,4.0,4.0,9.0,29.0
West Bengal,0.0,0.0,3.0,0.0,1.0,6.0,1.0,5.0,8.0,12.0,29.0
Aichi Prefecture,0.0,0.0,0.0,0.0,2.0,0.0,0.0,4.0,2.0,5.0,28.0
Alberta,0.0,0.0,0.0,1.0,6.0,1.0,6.0,8.0,7.0,7.0,28.0
Community of Madrid,0.0,0.0,0.0,1.0,3.0,8.0,4.0,10.0,3.0,9.0,28.0
Shandong,0.0,1.0,0.0,0.0,2.0,2.0,3.0,4.0,7.0,13.0,27.0
Colorado,0.0,1.0,0.0,0.0,1.0,2.0,2.0,9.0,17.0,13.0,27.0
Gelderland,0.0,0.0,0.0,2.0,2.0,1.0,1.0,0.0,8.0,11.0,27.0
Jakarta,2.0,1.0,0.0,1.0,2.0,0.0,1.0,6.0,9.0,8.0,25.0
Fujian,0.0,0.0,0.0,0.0,1.0,1.0,0.0,2.0,16.0,10.0,25.0
Canton of Bern,0.0,0.0,0.0,0.0,0.0,0.0,0.0,2.0,1.0,11.0,25.0
Saxony,0.0,2.0,0.0,0.0,2.0,1.0,3.0,3.0,16.0,21.0,25.0
Glasgow,0.0,0.0,0.0,1.0,3.0,1.0,3.0,2.0,3.0,6.0,24.0
Capital Region of Denmark,0.0,0.0,0.0,2.0,0.0,2.0,2.0,5.0,7.0,12.0,24.0
Province of Milan,0.0,0.0,1.0,3.0,0.0,4.0,3.0,6.0,8.0,11.0,24.0
London Borough of Camden,1.0,0.0,2.0,1.0,0.0,0.0,2.0,1.0,8.0,11.0,24.0
Connecticut,0.0,0.0,0.0,0.0,2.0,0.0,3.0,4.0,3.0,8.0,24.0
Missouri,0.0,0.0,2.0,1.0,2.0,0.0,3.0,5.0,4.0,17.0,23.0
Hamburg,0.0,0.0,0.0,0.0,1.0,0.0,0.0,0.0,0.0,8.0,23.0
Styria,0.0,0.0,0.0,0.0,2.0,1.0,5.0,9.0,10.0,14.0,23.0
Iowa,0.0,0.0,1.0,0.0,2.0,3.0,3.0,5.0,6.0,9.0,22.0
Hebei,0.0,0.0,0.0,0.0,0.0,0.0,3.0,9.0,11.0,23.0,22.0
Masovian Voivodeship,0.0,0.0,0.0,0.0,0.0,2.0,3.0,1.0,5.0,10.0,22.0
Coventry,0.0,0.0,1.0,1.0,0.0,3.0,5.0,4.0,4.0,7.0,21.0
Tamil Nadu,0.0,0.0,0.0,0.0,1.0,0.0,1.0,1.0,4.0,10.0,21.0
Prague,0.0,0.0,0.0,1.0,0.0,1.0,2.0,10.0,9.0,17.0,20.0
Rhineland-Palatinate,0.0,0.0,1.0,0.0,0.0,0.0,4.0,2.0,5.0,17.0,20.0
Stockholm County,1.0,0.0,1.0,1.0,1.0,2.0,4.0,4.0,15.0,10.0,20.0
Province of Rome,1.0,0.0,0.0,0.0,1.0,0.0,2.0,2.0,9.0,8.0,19.0
Moscow,0.0,0.0,0.0,0.0,0.0,0.0,3.0,7.0,10.0,9.0,19.0
Ibaraki Prefecture,0.0,0.0,0.0,0.0,0.0,1.0,0.0,1.0,1.0,9.0,19.0
Maharashtra,0.0,0.0,1.0,1.0,5.0,0.0,1.0,2.0,8.0,14.0,18.0
Region of Murcia,0.0,0.0,0.0,3.0,1.0,1.0,3.0,3.0,7.0,10.0,18.0
Ankara Province,0.0,0.0,0.0,0.0,1.0,1.0,2.0,5.0,8.0,15.0,18.0
Lower Saxony,0.0,0.0,1.0,1.0,5.0,1.0,4.0,4.0,2.0,8.0,17.0
Oregon,0.0,1.0,0.0,0.0,3.0,1.0,0.0,1.0,3.0,14.0,17.0
Nara Prefecture,0.0,0.0,0.0,0.0,0.0,0.0,0.0,1.0,5.0,16.0,17.0
Sheffield,0.0,0.0,0.0,0.0,2.0,1.0,4.0,6.0,3.0,5.0,17.0
Rhode Island,0.0,0.0,0.0,0.0,1.0,1.0,2.0,4.0,11.0,11.0,17.0
Central District,0.0,0.0,0.0,1.0,0.0,3.0,3.0,3.0,9.0,8.0,16.0
Utah,0.0,2.0,1.0,3.0,2.0,2.0,3.0,1.0,5.0,11.0,16.0
Uppsala County,0.0,0.0,0.0,0.0,0.0,1.0,1.0,1.0,2.0,5.0,16.0
Surrey,1.0,0.0,1.0,1.0,0.0,2.0,1.0,3.0,11.0,15.0,16.0
Attica Region,1.0,0.0,0.0,0.0,0.0,1.0,0.0,1.0,4.0,5.0,15.0
Bristol,0.0,0.0,0.0,1.0,0.0,0.0,0.0,1.0,3.0,3.0,15.0
East Flanders,0.0,0.0,0.0,1.0,2.0,0.0,2.0,7.0,5.0,8.0,15.0
Upper Austria,0.0,0.0,0.0,0.0,1.0,0.0,0.0,4.0,5.0,13.0,15.0
Kentucky,0.0,0.0,0.0,0.0,0.0,0.0,1.0,2.0,5.0,6.0,14.0
North Gyeongsang Province,0.0,0.0,0.0,0.0,0.0,0.0,0.0,8.0,5.0,13.0,14.0
Makkah Region,0.0,0.0,0.0,0.0,3.0,2.0,3.0,4.0,5.0,12.0,14.0
Vienna,0.0,1.0,1.0,1.0,3.0,1.0,3.0,1.0,9.0,17.0,14.0
North Brabant,0.0,0.0,0.0,0.0,0.0,1.0,1.0,2.0,8.0,14.0,14.0
KyÅto Prefecture,0.0,0.0,0.0,2.0,0.0,0.0,0.0,1.0,3.0,11.0,14.0
Pernambuco,0.0,0.0,0.0,0.0,0.0,0.0,0.0,2.0,4.0,7.0,14.0
VÃ¤stra GÃ¶taland County,0.0,0.0,0.0,0.0,0.0,1.0,1.0,5.0,6.0,3.0,13.0
Uttar Pradesh,0.0,0.0,0.0,1.0,2.0,2.0,1.0,3.0,8.0,10.0,13.0
County Dublin,0.0,0.0,0.0,0.0,0.0,0.0,1.0,0.0,9.0,7.0,13.0
SÃ£o Paulo,0.0,0.0,0.0,1.0,3.0,4.0,7.0,4.0,3.0,6.0,13.0
Moscow Oblast,0.0,0.0,0.0,0.0,0.0,0.0,5.0,5.0,8.0,7.0,13.0
Hsinchu,0.0,0.0,0.0,0.0,0.0,3.0,1.0,2.0,2.0,11.0,13.0
West Virginia,0.0,0.0,0.0,0.0,0.0,0.0,0.0,0.0,1.0,8.0,13.0
Province of Pisa,0.0,0.0,1.0,1.0,2.0,0.0,0.0,0.0,3.0,5.0,12.0
Daejeon,0.0,0.0,0.0,0.0,0.0,1.0,2.0,3.0,4.0,14.0,12.0
Saarland,0.0,0.0,1.0,1.0,1.0,0.0,2.0,2.0,5.0,13.0,12.0
Southern District,0.0,0.0,1.0,0.0,1.0,2.0,2.0,1.0,3.0,6.0,12.0
York,0.0,0.0,0.0,0.0,0.0,0.0,0.0,0.0,1.0,1.0,12.0
Liverpool,0.0,0.0,0.0,0.0,0.0,2.0,1.0,2.0,1.0,6.0,11.0
New Mexico,1.0,0.0,0.0,4.0,2.0,4.0,1.0,3.0,4.0,8.0,11.0
Arkansas,0.0,0.0,0.0,0.0,0.0,1.0,0.0,0.0,1.0,9.0,11.0
Islamabad Capital Territory,0.0,0.0,0.0,0.0,0.0,0.0,0.0,2.0,1.0,2.0,11.0
Bucharest,0.0,0.0,0.0,0.0,1.0,0.0,0.0,0.0,3.0,8.0,11.0
Hiroshima Prefecture,0.0,0.0,1.0,0.0,0.0,0.0,0.0,0.0,0.0,1.0,11.0
Utrecht,0.0,0.0,0.0,0.0,0.0,0.0,1.0,0.0,0.0,9.0,10.0
Miyagi Prefecture,0.0,0.0,0.0,0.0,0.0,0.0,0.0,1.0,3.0,1.0,10.0
Province of Turin,0.0,1.0,1.0,1.0,0.0,2.0,2.0,2.0,5.0,1.0,10.0
Idaho,0.0,0.0,0.0,0.0,0.0,1.0,0.0,3.0,0.0,2.0,10.0
Nottingham,0.0,1.0,2.0,0.0,1.0,0.0,1.0,0.0,5.0,8.0,9.0
Alabama,0.0,0.0,0.0,0.0,0.0,0.0,0.0,1.0,2.0,3.0,9.0
Isfahan Province,0.0,0.0,0.0,0.0,1.0,0.0,1.0,0.0,0.0,0.0,9.0
Ticino,0.0,0.0,2.0,0.0,1.0,3.0,4.0,2.0,5.0,3.0,9.0
SÃ¸r-TrÃ¸ndelag,0.0,0.0,0.0,1.0,0.0,0.0,0.0,2.0,1.0,6.0,9.0
Canton of Geneva,0.0,0.0,0.0,0.0,2.0,0.0,0.0,0.0,0.0,1.0,9.0
South Moravian Region,0.0,0.0,0.0,0.0,1.0,1.0,1.0,0.0,5.0,5.0,9.0
Ishikawa Prefecture,0.0,0.0,0.0,0.0,0.0,0.0,0.0,0.0,1.0,3.0,8.0
Istanbul Province,0.0,0.0,0.0,0.0,0.0,1.0,0.0,2.0,4.0,4.0,8.0
Kaohsiung City,0.0,0.0,1.0,0.0,0.0,0.0,0.0,2.0,0.0,1.0,8.0
Minas Gerais,0.0,0.0,0.0,0.0,0.0,0.0,3.0,1.0,3.0,6.0,8.0
LeÃ³n Province,0.0,0.0,0.0,0.0,0.0,1.0,1.0,4.0,2.0,2.0,8.0
Western Australia,0.0,0.0,0.0,0.0,0.0,0.0,4.0,8.0,4.0,7.0,8.0
Liguria,0.0,0.0,1.0,0.0,0.0,3.0,2.0,2.0,2.0,5.0,8.0
Western Cape,0.0,0.0,0.0,0.0,0.0,0.0,2.0,1.0,0.0,1.0,8.0
Saskatchewan,0.0,0.0,0.0,0.0,0.0,0.0,0.0,1.0,0.0,1.0,8.0
Åsaka Prefecture,0.0,0.0,0.0,1.0,0.0,0.0,0.0,1.0,1.0,7.0,8.0
Bath and North East Somerset,0.0,0.0,0.0,0.0,0.0,0.0,0.0,0.0,3.0,0.0,8.0
Abu Dhabi Emirate,0.0,0.0,0.0,0.0,0.0,0.0,0.0,1.0,2.0,5.0,8.0
Lisbon District,0.0,0.0,1.0,2.0,0.0,0.0,1.0,1.0,1.0,5.0,7.0
Santiago Metropolitan Region,0.0,0.0,0.0,0.0,0.0,1.0,1.0,1.0,2.0,1.0,7.0
Jilin,0.0,0.0,0.0,0.0,0.0,0.0,0.0,1.0,1.0,0.0,7.0
Province of Padua,0.0,0.0,0.0,0.0,0.0,1.0,1.0,4.0,6.0,6.0,7.0
Province of Cagliari,0.0,0.0,0.0,0.0,1.0,0.0,1.0,0.0,0.0,4.0,7.0
Province of Bologna,0.0,0.0,0.0,0.0,0.0,1.0,0.0,4.0,3.0,4.0,7.0
Oslo,0.0,1.0,0.0,0.0,0.0,0.0,0.0,0.0,0.0,4.0,7.0
Dhaka Division,0.0,0.0,2.0,0.0,0.0,0.0,0.0,0.0,0.0,3.0,7.0
Granada Province,0.0,0.0,0.0,0.0,0.0,0.0,0.0,0.0,2.0,4.0,7.0
Henan,0.0,0.0,1.0,0.0,0.0,0.0,0.0,1.0,3.0,3.0,7.0
Nord,0.0,0.0,0.0,0.0,1.0,0.0,1.0,0.0,1.0,7.0,7.0
County Durham,0.0,0.0,0.0,0.0,0.0,0.0,0.0,1.0,0.0,0.0,7.0
Louisiana,0.0,1.0,7.0,0.0,0.0,1.0,0.0,3.0,5.0,3.0,7.0
Lower Austria,0.0,0.0,0.0,0.0,0.0,0.0,3.0,2.0,6.0,6.0,7.0
County Galway,0.0,0.0,0.0,0.0,0.0,0.0,0.0,1.0,2.0,3.0,7.0
Mexico City,0.0,0.0,0.0,1.0,0.0,1.0,1.0,0.0,0.0,2.0,7.0
Delaware,0.0,0.0,0.0,0.0,0.0,0.0,2.0,4.0,1.0,5.0,7.0
Canton of Valais,0.0,0.0,0.0,0.0,0.0,2.0,3.0,3.0,5.0,2.0,7.0
Al Daayen,0.0,0.0,0.0,0.0,0.0,0.0,1.0,0.0,2.0,2.0,7.0
Haute-Garonne,2.0,0.0,0.0,1.0,1.0,1.0,5.0,7.0,5.0,5.0,6.0
Kansas,0.0,0.0,1.0,0.0,0.0,0.0,0.0,1.0,1.0,5.0,6.0
RhÃ´ne,0.0,0.0,0.0,0.0,0.0,0.0,4.0,2.0,3.0,2.0,6.0
LiÃ¨ge,0.0,0.0,0.0,1.0,2.0,1.0,0.0,3.0,1.0,2.0,6.0
Lesser Poland Voivodeship,0.0,0.0,0.0,0.0,0.0,0.0,1.0,1.0,2.0,9.0,6.0
West Greece Region,0.0,0.0,0.0,0.0,0.0,0.0,0.0,0.0,1.0,3.0,6.0
Al Rayyan Municipality,0.0,0.0,0.0,0.0,0.0,0.0,1.0,0.0,1.0,2.0,6.0
Manchester,0.0,0.0,0.0,0.0,0.0,0.0,0.0,1.0,6.0,6.0,6.0
Jiangxi,0.0,0.0,0.0,0.0,0.0,0.0,1.0,1.0,0.0,1.0,6.0
Lancashire,0.0,0.0,0.0,0.0,0.0,0.0,1.0,1.0,1.0,8.0,6.0
Zaragoza Province,0.0,0.0,0.0,0.0,1.0,0.0,1.0,3.0,2.0,0.0,6.0
Northern Ostrobothnia,0.0,0.0,0.0,0.0,0.0,0.0,0.0,4.0,6.0,8.0,6.0
Birmingham,0.0,0.0,2.0,0.0,0.0,0.0,0.0,4.0,2.0,3.0,6.0
Hesse,0.0,0.0,0.0,0.0,2.0,2.0,1.0,2.0,2.0,5.0,6.0
Fukuoka Prefecture,0.0,0.0,0.0,0.0,0.0,0.0,0.0,1.0,1.0,3.0,6.0
Auckland Region,0.0,0.0,0.0,0.0,0.0,0.0,0.0,1.0,0.0,2.0,6.0
Tbilisi,0.0,0.0,0.0,0.0,0.0,0.0,1.0,0.0,0.0,2.0,6.0
Macau,0.0,0.0,0.0,0.0,1.0,2.0,3.0,0.0,2.0,1.0,6.0
Central Denmark Region,0.0,0.0,0.0,0.0,0.0,0.0,0.0,0.0,2.0,2.0,6.0
Buenos Aires,0.0,0.0,0.0,1.0,0.0,0.0,2.0,1.0,2.0,2.0,6.0
Uttarakhand,0.0,0.0,0.0,0.0,0.0,1.0,0.0,0.0,0.0,5.0,6.0
Overijssel,0.0,0.0,1.0,0.0,0.0,1.0,0.0,0.0,3.0,2.0,6.0
Tyrol,0.0,0.0,0.0,0.0,0.0,1.0,2.0,1.0,1.0,3.0,6.0
Greater Poland Voivodeship,0.0,0.0,0.0,0.0,0.0,0.0,0.0,0.0,4.0,0.0,5.0
Central Macedonia,0.0,0.0,0.0,0.0,1.0,0.0,1.0,0.0,0.0,3.0,5.0
Central Singapore Community Development Council,0.0,0.0,0.0,0.0,0.0,0.0,0.0,2.0,3.0,5.0,5.0
Province of Venice,0.0,0.0,0.0,0.0,0.0,0.0,0.0,0.0,3.0,3.0,5.0
Canton of Fribourg,0.0,0.0,0.0,2.0,0.0,1.0,0.0,1.0,1.0,5.0,5.0
Rajasthan,0.0,0.0,0.0,0.0,0.0,0.0,0.0,0.0,1.0,2.0,5.0
Cardiff,0.0,0.0,0.0,0.0,0.0,0.0,0.0,1.0,0.0,4.0,5.0
Chiba Prefecture,0.0,0.0,0.0,0.0,0.0,0.0,0.0,1.0,1.0,2.0,5.0
London Borough of Islington,0.0,0.0,0.0,0.0,0.0,0.0,0.0,0.0,1.0,1.0,5.0
BogotÃ¡,0.0,0.0,0.0,0.0,0.0,0.0,5.0,1.0,2.0,2.0,5.0
Groningen,0.0,0.0,0.0,0.0,1.0,0.0,0.0,1.0,1.0,8.0,5.0
Mississippi,0.0,1.0,0.0,0.0,0.0,0.0,0.0,0.0,0.0,1.0,5.0
Gauteng,1.0,1.0,0.0,0.0,0.0,0.0,0.0,1.0,2.0,0.0,5.0
ÃstergÃ¶tland County,0.0,0.0,0.0,1.0,1.0,1.0,2.0,7.0,8.0,6.0,5.0
Stirling,0.0,0.0,0.0,0.0,0.0,0.0,0.0,0.0,2.0,1.0,5.0
Guangxi Zhuang Autonomous Region,0.0,0.0,0.0,0.0,0.0,0.0,0.0,0.0,0.0,2.0,5.0
Southampton,0.0,0.0,0.0,0.0,1.0,0.0,1.0,3.0,1.0,0.0,5.0
Phnom Penh,0.0,0.0,0.0,0.0,0.0,0.0,0.0,0.0,0.0,0.0,5.0
Nicosia District,0.0,0.0,0.0,0.0,0.0,1.0,0.0,0.0,1.0,0.0,5.0
Chongqing,0.0,0.0,0.0,0.0,0.0,1.0,3.0,4.0,1.0,1.0,5.0
Brussels-Capital Region,0.0,0.0,0.0,1.0,1.0,1.0,1.0,4.0,2.0,2.0,5.0
Leicester,0.0,0.0,1.0,0.0,0.0,0.0,0.0,2.0,1.0,1.0,4.0
Leeds,0.0,0.0,0.0,0.0,0.0,1.0,0.0,2.0,1.0,0.0,4.0
Limassol District,0.0,0.0,0.0,0.0,0.0,0.0,0.0,0.0,0.0,1.0,4.0
County Cork,0.0,0.0,0.0,0.0,0.0,0.0,0.0,0.0,0.0,1.0,4.0
Gironde,0.0,0.0,0.0,0.0,1.0,1.0,0.0,1.0,2.0,1.0,4.0
Dubai,0.0,0.0,0.0,0.0,0.0,1.0,2.0,0.0,2.0,1.0,4.0
Oklahoma,0.0,0.0,0.0,0.0,0.0,0.0,0.0,1.0,1.0,2.0,4.0
Loire-Atlantique,0.0,0.0,0.0,0.0,1.0,0.0,0.0,0.0,0.0,1.0,4.0
PlzeÅ-City District,0.0,0.0,0.0,0.0,0.0,0.0,0.0,0.0,0.0,1.0,4.0
Gyeonggi Province,0.0,0.0,0.0,0.0,0.0,0.0,0.0,0.0,0.0,5.0,4.0
Nova Scotia,0.0,0.0,0.0,0.0,0.0,0.0,0.0,0.0,1.0,3.0,4.0
Kent,0.0,0.0,0.0,0.0,0.0,0.0,0.0,0.0,1.0,1.0,4.0
Province of Parma,0.0,0.0,0.0,0.0,0.0,0.0,0.0,0.0,0.0,2.0,4.0
Biscay,0.0,0.0,0.0,0.0,0.0,0.0,0.0,0.0,0.0,2.0,4.0
Rio Grande do Sul,0.0,0.0,0.0,1.0,0.0,0.0,0.0,3.0,4.0,3.0,4.0
Belgrade,0.0,0.0,1.0,0.0,0.0,0.0,0.0,0.0,1.0,0.0,4.0
Schleswig-Holstein,0.0,0.0,0.0,0.0,0.0,0.0,0.0,0.0,2.0,3.0,4.0
Antwerp,0.0,0.0,0.0,0.0,0.0,0.0,0.0,1.0,0.0,0.0,4.0
JaÃ©n Province,0.0,0.0,0.0,0.0,0.0,0.0,0.0,0.0,0.0,0.0,4.0
Sarthe,0.0,0.0,0.0,0.0,0.0,0.0,1.0,1.0,1.0,3.0,4.0
Alpes-Maritimes,0.0,0.0,0.0,0.0,0.0,0.0,2.0,1.0,2.0,2.0,4.0
Wellington Region,0.0,0.0,0.0,0.0,0.0,0.0,1.0,2.0,4.0,5.0,4.0
Kanagawa Prefecture,0.0,0.0,0.0,0.0,0.0,0.0,0.0,0.0,1.0,1.0,4.0
Province of Modena,0.0,0.0,0.0,0.0,0.0,0.0,0.0,2.0,4.0,5.0,4.0
Karnataka,0.0,0.0,0.0,0.0,1.0,0.0,1.0,2.0,7.0,1.0,4.0
Dushanbe,0.0,0.0,0.0,0.0,0.0,0.0,0.0,0.0,0.0,4.0,4.0
Bas-Rhin,0.0,0.0,0.0,0.0,0.0,1.0,0.0,0.0,1.0,1.0,4.0
Hainaut,0.0,0.0,0.0,0.0,1.0,2.0,0.0,1.0,0.0,0.0,4.0
Bremen,0.0,1.0,1.0,0.0,1.0,0.0,2.0,2.0,2.0,3.0,4.0
Newcastle upon Tyne,0.0,0.0,0.0,0.0,0.0,1.0,0.0,1.0,1.0,1.0,3.0
Pontevedra Province,0.0,0.0,0.0,0.0,0.0,0.0,0.0,1.0,2.0,1.0,3.0
Sofia City Province,0.0,0.0,0.0,0.0,0.0,1.0,0.0,1.0,0.0,3.0,3.0
New Hampshire,0.0,0.0,0.0,0.0,0.0,0.0,4.0,8.0,5.0,8.0,3.0
Basel-Stadt,0.0,0.0,0.0,0.0,0.0,1.0,1.0,0.0,1.0,3.0,3.0
South Carolina,0.0,0.0,0.0,0.0,1.0,0.0,0.0,1.0,2.0,12.0,3.0
South Gloucestershire,0.0,0.0,0.0,0.0,0.0,0.0,3.0,0.0,1.0,0.0,3.0
Southwest,0.0,0.0,0.0,0.0,0.0,0.0,1.0,0.0,0.0,1.0,3.0
Bouches-du-RhÃ´ne,0.0,0.0,0.0,0.0,1.0,1.0,0.0,0.0,0.0,0.0,3.0
Crete,0.0,0.0,0.0,0.0,0.0,0.0,2.0,1.0,1.0,3.0,3.0
Shizuoka Prefecture,0.0,0.0,0.0,0.0,0.0,0.0,0.0,0.0,0.0,0.0,3.0
North Governorate,0.0,0.0,0.0,0.0,0.0,0.0,0.0,1.0,0.0,0.0,3.0
Norfolk,0.0,0.0,0.0,0.0,0.0,0.0,0.0,0.0,3.0,8.0,3.0
Norrbotten County,0.0,0.0,0.0,0.0,0.0,0.0,0.0,1.0,0.0,0.0,3.0
Seville Province,0.0,0.0,0.0,0.0,0.0,0.0,1.0,1.0,0.0,1.0,3.0
North Denmark Region,0.0,0.0,0.0,3.0,2.0,1.0,0.0,1.0,4.0,2.0,3.0
Porto District,0.0,0.0,0.0,0.0,0.0,2.0,1.0,0.0,0.0,0.0,3.0
Val-d'Oise,0.0,0.0,0.0,0.0,0.0,1.0,0.0,1.0,0.0,1.0,3.0
Saint Petersburg,0.0,0.0,0.0,0.0,0.0,0.0,0.0,0.0,1.0,2.0,3.0
Rogaland,0.0,0.0,0.0,0.0,0.0,0.0,0.0,0.0,0.0,0.0,3.0
RiviÃ¨re Noire District,0.0,0.0,0.0,0.0,0.0,0.0,0.0,0.0,1.0,2.0,3.0
Odisha,0.0,0.0,0.0,0.0,0.0,0.0,0.0,1.0,0.0,1.0,3.0
Alexandria Governorate,0.0,0.0,0.0,0.0,0.0,1.0,1.0,0.0,0.0,0.0,3.0
Okinawa Prefecture,0.0,0.0,0.0,0.0,0.0,0.0,0.0,0.0,0.0,2.0,3.0
Province of Verona,0.0,0.0,0.0,1.0,0.0,0.0,2.0,0.0,0.0,2.0,3.0
West Agder,0.0,0.0,0.0,0.0,0.0,0.0,0.0,0.0,0.0,0.0,3.0
Manitoba,0.0,0.0,0.0,0.0,0.0,0.0,0.0,3.0,1.0,0.0,3.0
ParanÃ¡,0.0,0.0,0.0,0.0,0.0,0.0,0.0,0.0,1.0,0.0,3.0
Ljubljana City Municipality,0.0,0.0,0.0,0.0,0.0,1.0,0.0,2.0,3.0,4.0,3.0
Kocaeli Province,0.0,0.0,0.0,0.0,0.0,2.0,0.0,0.0,2.0,1.0,3.0
Gujarat,1.0,0.0,0.0,0.0,0.0,0.0,1.0,0.0,0.0,7.0,3.0
Essex,0.0,0.0,0.0,0.0,0.0,0.0,1.0,3.0,1.0,4.0,3.0
Lincolnshire,0.0,0.0,0.0,0.0,0.0,0.0,0.0,0.0,2.0,1.0,3.0
Halland County,0.0,0.0,0.0,0.0,0.0,0.0,0.0,0.0,0.0,0.0,3.0
HÃ©rault,0.0,0.0,1.0,0.0,0.0,0.0,1.0,0.0,0.0,1.0,3.0
Gifu Prefecture,0.0,0.0,0.0,0.0,0.0,0.0,0.0,0.0,0.0,0.0,3.0
HyÅgo Prefecture,0.0,0.0,0.0,0.0,1.0,1.0,0.0,0.0,0.0,0.0,3.0
Province of Varese,0.0,0.0,0.0,0.0,0.0,2.0,1.0,1.0,2.0,0.0,2.0
Province of Cosenza,1.0,0.0,1.0,0.0,1.0,0.0,0.0,0.0,1.0,2.0,2.0
Northern Savonia,0.0,0.0,0.0,0.0,0.0,0.0,0.0,0.0,0.0,0.0,2.0
Province of Perugia,0.0,0.0,0.0,0.0,1.0,0.0,0.0,0.0,3.0,2.0,2.0
Rio de Janeiro,0.0,0.0,0.0,1.0,0.0,0.0,3.0,0.0,3.0,5.0,2.0
Riyadh Region,0.0,0.0,0.0,0.0,0.0,0.0,0.0,2.0,0.0,2.0,2.0
Budapest,1.0,0.0,0.0,1.0,4.0,0.0,2.0,0.0,0.0,7.0,2.0
Saint Andrew,0.0,0.0,0.0,0.0,0.0,0.0,0.0,0.0,0.0,0.0,2.0
Saitama Prefecture,0.0,0.0,0.0,0.0,1.0,0.0,0.0,0.0,0.0,2.0,2.0
Hawaii,0.0,0.0,0.0,0.0,0.0,0.0,0.0,1.0,0.0,0.0,2.0
City of Westminster,0.0,0.0,0.0,0.0,0.0,0.0,0.0,0.0,0.0,1.0,2.0
Alagoas,0.0,0.0,0.0,0.0,0.0,0.0,0.0,0.0,2.0,0.0,2.0
Bahia,0.0,0.0,0.0,0.0,0.0,0.0,0.0,0.0,0.0,1.0,2.0
Ulsan,0.0,0.0,0.0,0.0,0.0,1.0,0.0,0.0,1.0,4.0,2.0
Newfoundland and Labrador,0.0,0.0,0.0,0.0,0.0,0.0,0.0,0.0,1.0,1.0,2.0
Uusimaa,0.0,0.0,0.0,1.0,0.0,1.0,2.0,2.0,4.0,1.0,2.0
Devon,0.0,0.0,0.0,0.0,0.0,0.0,1.0,0.0,1.0,3.0,2.0
Kiev,0.0,0.0,0.0,0.0,0.0,0.0,0.0,0.0,0.0,0.0,2.0
Rio Grande do Norte,0.0,0.0,0.0,0.0,0.0,0.0,0.0,0.0,0.0,0.0,2.0
Walloon Brabant,0.0,0.0,1.0,3.0,2.0,2.0,0.0,0.0,4.0,2.0,2.0
Riga,0.0,0.0,0.0,0.0,0.0,0.0,0.0,0.0,0.0,1.0,2.0
Saxony-Anhalt,0.0,0.0,0.0,0.0,0.0,0.0,0.0,0.0,1.0,1.0,2.0
Omsk Oblast,0.0,0.0,0.0,0.0,0.0,0.0,0.0,0.0,0.0,0.0,2.0
ReykjavÃ­k,0.0,0.0,0.0,0.0,0.0,1.0,0.0,0.0,2.0,2.0,2.0
Cantabria,0.0,0.0,0.0,0.0,0.0,1.0,0.0,0.0,0.0,0.0,2.0
Canterbury Region,0.0,0.0,0.0,0.0,0.0,0.0,0.0,1.0,0.0,1.0,2.0
Vermont,0.0,0.0,1.0,0.0,0.0,0.0,2.0,1.0,0.0,1.0,2.0
Assam,0.0,1.0,0.0,0.0,0.0,0.0,0.0,0.0,2.0,3.0,2.0
Vaucluse,0.0,0.0,0.0,0.0,0.0,0.0,0.0,0.0,0.0,0.0,2.0
ValparaÃ­so Region,0.0,0.0,0.0,0.0,0.0,0.0,0.0,0.0,0.0,0.0,2.0
Valencia Province,0.0,0.0,0.0,1.0,0.0,0.0,0.0,0.0,5.0,9.0,2.0
Waikato Region,0.0,0.0,0.0,0.0,0.0,0.0,0.0,0.0,0.0,1.0,2.0
Staffordshire,0.0,0.0,0.0,0.0,0.0,0.0,0.0,0.0,0.0,0.0,2.0
Coimbra District,0.0,0.0,0.0,0.0,0.0,2.0,1.0,1.0,2.0,4.0,2.0
Incheon,1.0,0.0,0.0,0.0,0.0,0.0,0.0,0.0,2.0,1.0,2.0
Hordaland,0.0,0.0,0.0,0.0,0.0,0.0,1.0,0.0,0.0,0.0,2.0
Manawatu-Wanganui Region,0.0,0.0,0.0,0.0,0.0,0.0,0.0,0.0,0.0,0.0,2.0
Madhya Pradesh,0.0,0.0,0.0,0.0,0.0,0.0,0.0,0.0,0.0,1.0,2.0
CÃ³rdoba Department,0.0,0.0,0.0,0.0,0.0,0.0,1.0,0.0,1.0,0.0,2.0
Belfast city council district,0.0,0.0,0.0,0.0,0.0,0.0,2.0,1.0,1.0,2.0,2.0
canton of Aargau,0.0,0.0,0.0,0.0,0.0,0.0,0.0,0.0,0.0,1.0,2.0
Guizhou,0.0,0.0,0.0,0.0,0.0,0.0,0.0,0.0,0.0,0.0,2.0
Mecklenburg-Western Pomerania,0.0,0.0,0.0,0.0,0.0,1.0,1.0,0.0,1.0,1.0,2.0
Finland Proper,0.0,0.0,1.0,0.0,2.0,0.0,1.0,0.0,1.0,0.0,2.0
Zagreb,0.0,0.0,0.0,0.0,0.0,1.0,0.0,0.0,0.0,2.0,2.0
Miranda,0.0,0.0,0.0,0.0,0.0,0.0,0.0,0.0,0.0,0.0,2.0
SkÃ¥ne County,0.0,0.0,0.0,0.0,1.0,2.0,0.0,0.0,2.0,3.0,2.0
Tainan,0.0,0.0,0.0,0.0,0.0,0.0,0.0,0.0,0.0,1.0,2.0
Sharjah Emirate,0.0,0.0,0.0,0.0,0.0,0.0,0.0,0.0,1.0,0.0,2.0
Hauts-de-Seine,0.0,0.0,0.0,1.0,2.0,3.0,0.0,1.0,2.0,2.0,2.0
Bangkok,0.0,1.0,0.0,0.0,0.0,0.0,0.0,0.0,0.0,0.0,2.0
Wolverhampton,0.0,0.0,0.0,0.0,0.0,0.0,0.0,0.0,1.0,1.0,2.0
Braga District,0.0,0.0,0.0,0.0,0.0,0.0,0.0,1.0,0.0,0.0,2.0
Seine-Maritime,0.0,0.0,0.0,0.0,0.0,0.0,0.0,1.0,1.0,1.0,2.0
Brandenburg,0.0,0.0,1.0,0.0,2.0,1.0,0.0,0.0,2.0,6.0,2.0
Thurgau,0.0,0.0,0.0,0.0,0.0,0.0,0.0,0.0,0.0,0.0,1.0
Province of Siena,0.0,0.0,0.0,0.0,0.0,1.0,0.0,0.0,0.0,1.0,1.0
Salzburg,0.0,0.0,0.0,0.0,0.0,0.0,1.0,0.0,2.0,3.0,1.0
Seine-et-Marne,0.0,0.0,0.0,0.0,0.0,0.0,0.0,0.0,0.0,0.0,1.0
Jeju,0.0,0.0,0.0,0.0,0.0,0.0,0.0,0.0,0.0,0.0,1.0
San Ä wann,0.0,0.0,0.0,0.0,0.0,0.0,0.0,0.0,1.0,1.0,1.0
Irkutsk Oblast,0.0,0.0,0.0,0.0,0.0,0.0,0.0,0.0,1.0,0.0,1.0
Trinity Palmetto Point Parish,0.0,0.0,0.0,0.0,0.0,0.0,0.0,0.0,0.0,1.0,1.0
Canton of Jura,0.0,0.0,0.0,0.0,2.0,0.0,0.0,0.0,0.0,2.0,1.0
Province of Trieste,0.0,0.0,0.0,0.0,0.0,1.0,0.0,0.0,0.0,1.0,1.0
Tunis Governorate,0.0,0.0,0.0,0.0,0.0,0.0,0.0,0.0,0.0,0.0,1.0
Province of Sassari,0.0,0.0,0.0,0.0,0.0,2.0,0.0,0.0,0.0,0.0,1.0
Canton of Lucerne,0.0,0.0,0.0,0.0,0.0,0.0,0.0,0.0,0.0,0.0,1.0
Tarragona Province,0.0,0.0,0.0,0.0,0.0,0.0,0.0,0.0,0.0,0.0,1.0
Benevento Province,0.0,0.0,0.0,0.0,0.0,0.0,0.0,0.0,1.0,0.0,1.0
Tasmania,0.0,0.0,0.0,0.0,0.0,0.0,0.0,0.0,0.0,0.0,1.0
Province of Pavia,0.0,0.0,0.0,0.0,0.0,0.0,1.0,2.0,0.0,1.0,1.0
East Macedonia and Thrace,0.0,0.0,0.0,0.0,0.0,0.0,0.0,0.0,1.0,4.0,1.0
Kalmar County,0.0,0.0,0.0,0.0,0.0,0.0,0.0,0.0,0.0,0.0,1.0
Province of Naples,0.0,0.0,0.0,0.0,1.0,0.0,0.0,0.0,1.0,0.0,1.0
East Azerbaijan Province,0.0,0.0,0.0,0.0,0.0,0.0,0.0,0.0,0.0,0.0,1.0
Jalisco,0.0,0.0,0.0,0.0,0.0,0.0,4.0,0.0,0.0,0.0,1.0
South Gyeongsang Province,0.0,0.0,0.0,0.0,0.0,0.0,0.0,0.0,0.0,0.0,1.0
IaÈi County,0.0,0.0,0.0,0.0,0.0,0.0,0.0,0.0,0.0,0.0,1.0
Asyut Governorate,0.0,0.0,0.0,0.0,0.0,0.0,0.0,0.0,0.0,0.0,1.0
Aveiro District,0.0,0.0,0.0,0.0,0.0,0.0,0.0,0.0,0.0,0.0,1.0
Ille-et-Vilaine,0.0,0.0,1.0,0.0,0.0,0.0,1.0,0.0,3.0,3.0,1.0
Sindh,0.0,0.0,0.0,0.0,0.0,0.0,0.0,0.0,0.0,4.0,1.0
Kaunas County,0.0,0.0,0.0,0.0,0.0,0.0,0.0,0.0,0.0,0.0,1.0
Sohag Governorate,0.0,0.0,0.0,0.0,0.0,0.0,0.0,0.0,0.0,0.0,1.0
Somme,0.0,0.0,0.0,0.0,0.0,0.0,0.0,0.0,0.0,0.0,1.0
Blekinge County,0.0,0.0,0.0,0.0,0.0,0.0,0.0,0.0,1.0,1.0,1.0
CÃ³rdoba Province,0.0,0.0,0.0,0.0,0.0,0.0,0.0,0.0,0.0,0.0,1.0
Bulawayo,0.0,0.0,0.0,0.0,0.0,0.0,0.0,1.0,0.0,0.0,1.0
Selangor,0.0,0.0,0.0,0.0,1.0,0.0,1.0,0.0,0.0,2.0,1.0
Gharbia Governorate,0.0,0.0,0.0,0.0,0.0,0.0,0.0,0.0,0.0,0.0,1.0
Republic of Tatarstan,0.0,0.0,0.0,0.0,0.0,0.0,0.0,0.0,1.0,0.0,1.0
Balearic Islands,0.0,0.0,0.0,0.0,0.0,0.0,0.0,0.0,0.0,0.0,1.0
BÃ­o BÃ­o Region,0.0,0.0,0.0,0.0,0.0,0.0,1.0,0.0,0.0,0.0,1.0
Razavi Khorasan Province,0.0,0.0,0.0,0.0,1.0,0.0,1.0,1.0,0.0,0.0,1.0
Izmir Province,0.0,0.0,0.0,0.0,0.0,0.0,0.0,0.0,0.0,1.0,1.0
Cairo Governorate,0.0,0.0,0.0,0.0,0.0,0.0,0.0,1.0,1.0,0.0,1.0
South Chungcheong Province,0.0,0.0,0.0,0.0,0.0,0.0,0.0,0.0,0.0,1.0,1.0
South Dakota,0.0,0.0,0.0,0.0,0.0,0.0,0.0,1.0,0.0,0.0,1.0
Sverdlovsk Oblast,0.0,0.0,0.0,0.0,0.0,0.0,0.0,0.0,0.0,4.0,1.0
Asturias,0.0,0.0,0.0,0.0,0.0,0.0,0.0,0.0,0.0,0.0,1.0
A CoruÃ±a,0.0,0.0,0.0,1.0,0.0,1.0,0.0,3.0,0.0,0.0,1.0
Province of Macerata,0.0,0.0,0.0,0.0,0.0,0.0,0.0,0.0,0.0,0.0,1.0
Hamadan Province,0.0,0.0,0.0,0.0,0.0,0.0,0.0,2.0,0.0,1.0,1.0
North Jeolla Province,0.0,0.0,0.0,0.0,0.0,0.0,0.0,0.0,1.0,0.0,1.0
Chiayi County,0.0,0.0,0.0,0.0,0.0,0.0,0.0,0.0,0.0,0.0,1.0
West Java Province,0.0,0.0,0.0,0.0,0.0,0.0,0.0,0.0,1.0,1.0,1.0
London Borough of Hillingdon,0.0,0.0,0.0,0.0,0.0,0.0,0.0,0.0,0.0,0.0,1.0
Niigata Prefecture,0.0,0.0,0.0,0.0,0.0,0.0,0.0,0.0,0.0,0.0,1.0
London Borough of Lewisham,0.0,0.0,0.0,0.0,0.0,0.0,0.0,0.0,0.0,1.0,1.0
New Taipei City,0.0,0.0,0.0,0.0,0.0,1.0,0.0,0.0,0.0,1.0,1.0
ConstanÈa County,0.0,0.0,0.0,0.0,0.0,0.0,0.0,0.0,0.0,0.0,1.0
London Borough of Southwark,0.0,0.0,0.0,0.0,0.0,0.0,0.0,0.0,0.0,0.0,1.0
Nevada,0.0,0.0,0.0,0.0,0.0,0.0,0.0,0.0,1.0,3.0,1.0
County Clare,0.0,0.0,0.0,0.0,0.0,0.0,0.0,0.0,0.0,0.0,1.0
Nagano Prefecture,0.0,0.0,0.0,0.0,0.0,0.0,0.0,0.0,0.0,1.0,1.0
Yazd Province,0.0,0.0,0.0,1.0,0.0,0.0,0.0,0.0,0.0,0.0,1.0
London Borough of Wandsworth,0.0,0.0,0.0,0.0,0.0,0.0,0.0,0.0,0.0,1.0,1.0
Al Asimah Governorate,0.0,0.0,0.0,0.0,0.0,0.0,0.0,0.0,0.0,0.0,1.0
Montevideo,0.0,0.0,0.0,0.0,0.0,1.0,0.0,0.0,0.0,0.0,1.0
CÃ´te-d'Or,0.0,0.0,0.0,0.0,0.0,0.0,0.0,0.0,1.0,1.0,1.0
Lower Silesian Voivodeship,0.0,0.0,0.0,0.0,0.0,1.0,1.0,4.0,0.0,1.0,1.0
Minya Governorate,0.0,0.0,0.0,0.0,0.0,0.0,0.0,0.0,0.0,0.0,1.0
County Limerick,0.0,0.0,0.0,0.0,0.0,0.0,0.0,0.0,0.0,1.0,1.0
Lublin Voivodeship,0.0,0.0,0.0,0.0,0.0,0.0,0.0,0.0,0.0,0.0,1.0
Miaoli County,0.0,0.0,0.0,0.0,0.0,0.0,0.0,0.0,0.0,0.0,1.0
Luton,0.0,0.0,0.0,0.0,0.0,0.0,0.0,0.0,0.0,0.0,1.0
Metro Manila,0.0,0.0,0.0,0.0,0.0,0.0,0.0,0.0,0.0,0.0,1.0
Mendoza Province,0.0,0.0,0.0,0.0,0.0,0.0,0.0,0.0,0.0,0.0,1.0
Ãanakkale Province,0.0,0.0,0.0,0.0,0.0,0.0,0.0,0.0,0.0,0.0,1.0
Ãrebro County,0.0,0.0,0.0,0.0,0.0,0.0,0.0,0.0,0.0,1.0,1.0
Giza Governorate,0.0,0.0,0.0,0.0,0.0,0.0,1.0,0.0,0.0,2.0,1.0
Malacca,0.0,0.0,0.0,0.0,0.0,0.0,0.0,0.0,2.0,0.0,1.0
Chiayi City,0.0,0.0,0.0,0.0,0.0,0.0,0.0,0.0,0.0,0.0,1.0
Haryana,1.0,0.0,0.0,0.0,0.0,0.0,0.0,0.0,0.0,2.0,1.0
Alicante Province,0.0,0.0,0.0,0.0,0.0,0.0,0.0,0.0,0.0,6.0,1.0
Amman Governorate,0.0,0.0,0.0,0.0,0.0,0.0,0.0,0.0,1.0,1.0,1.0
Pahang,0.0,0.0,0.0,0.0,0.0,0.0,0.0,0.0,0.0,0.0,1.0
Kuala Lumpur,0.0,0.0,0.0,0.0,0.0,0.0,0.0,1.0,0.0,0.0,1.0
Central Java Province,0.0,0.0,0.0,0.0,0.0,0.0,0.0,0.0,0.0,0.0,1.0
Pingtung County,0.0,0.0,0.0,0.0,0.0,0.0,0.0,0.0,0.0,0.0,1.0
Hanoi,0.0,0.0,0.0,0.0,0.0,0.0,0.0,0.0,0.0,1.0,1.0
Harju County,0.0,0.0,0.0,0.0,0.0,0.0,0.0,0.0,2.0,2.0,1.0
Primorje-Gorski Kotar County,0.0,0.0,0.0,0.0,0.0,0.0,0.0,0.0,0.0,0.0,1.0
Province of Ancona,0.0,0.0,0.0,1.0,0.0,0.0,0.0,0.0,0.0,0.0,1.0
Province of Bari,0.0,0.0,0.0,0.0,0.0,0.0,0.0,0.0,1.0,3.0,1.0
Antioquia Department,0.0,0.0,0.0,0.0,0.0,0.0,0.0,0.0,1.0,1.0,1.0
Gangwon Province,0.0,0.0,0.0,0.0,0.0,0.0,0.0,0.0,0.0,0.0,1.0
Kerala,0.0,0.0,0.0,0.0,0.0,0.0,0.0,0.0,0.0,0.0,1.0
Province of Catania,0.0,0.0,0.0,0.0,0.0,1.0,2.0,0.0,0.0,0.0,1.0
Province of Ferrara,0.0,0.0,0.0,0.0,1.0,0.0,0.0,1.0,0.0,2.0,1.0
Arad County,0.0,0.0,0.0,0.0,0.0,0.0,0.0,0.0,0.0,0.0,1.0
Kuyavian-Pomeranian Voivodeship,0.0,0.0,0.0,0.0,0.0,0.0,0.0,0.0,0.0,0.0,1.0
KoÅ¡ice Region,0.0,0.0,0.0,0.0,0.0,0.0,0.0,0.0,0.0,0.0,1.0
Otago Region,0.0,0.0,0.0,0.0,0.0,0.0,0.0,0.0,0.0,0.0,1.0
Okayama Prefecture,0.0,0.0,0.0,0.0,0.0,0.0,0.0,0.0,0.0,0.0,1.0
Leicestershire,0.0,0.0,1.0,0.0,0.0,1.0,0.0,0.0,2.0,1.0,1.0
Vienne,0.0,0.0,0.0,0.0,0.0,0.0,0.0,0.0,0.0,0.0,1.0
VÃ¤sterbotten County,0.0,0.0,0.0,0.0,0.0,0.0,0.0,0.0,0.0,1.0,1.0
Girona Province,0.0,0.0,0.0,0.0,0.0,0.0,0.0,0.0,0.0,4.0,1.0
Wokingham,0.0,0.0,0.0,0.0,0.0,0.0,0.0,2.0,0.0,0.0,0.0
Zanjan Province,0.0,0.0,0.0,0.0,1.0,0.0,0.0,0.0,0.0,0.0,0.0
West Pomeranian Voivodeship,0.0,0.0,0.0,0.0,0.0,0.0,0.0,1.0,0.0,0.0,0.0
Swindon,0.0,0.0,0.0,0.0,0.0,0.0,0.0,0.0,2.0,2.0,0.0
West Macedonia Region,0.0,0.0,0.0,0.0,0.0,1.0,0.0,0.0,0.0,0.0,0.0
Gwangju,0.0,0.0,0.0,0.0,0.0,0.0,0.0,2.0,1.0,0.0,0.0
Beirut Governorate,0.0,0.0,0.0,0.0,1.0,0.0,0.0,0.0,1.0,1.0,0.0
Tripura,0.0,0.0,1.0,0.0,0.0,0.0,0.0,0.0,0.0,0.0,0.0
Arua District,0.0,0.0,0.0,0.0,0.0,0.0,0.0,0.0,0.0,2.0,0.0
Guatemala Department,0.0,0.0,0.0,0.0,0.0,0.0,0.0,0.0,0.0,1.0,0.0
Thuringia,0.0,0.0,0.0,0.0,0.0,1.0,0.0,0.0,0.0,0.0,0.0
Ardabil Province,0.0,0.0,0.0,0.0,0.0,0.0,0.0,0.0,0.0,1.0,0.0
Albacete Province,0.0,0.0,0.0,0.0,0.0,0.0,0.0,0.0,0.0,1.0,0.0
Szeged,0.0,0.0,0.0,1.0,0.0,0.0,0.0,0.0,0.0,0.0,0.0
Balqa Governorate,0.0,0.0,0.0,0.0,0.0,0.0,0.0,1.0,1.0,0.0,0.0
Akita Prefecture,0.0,0.0,0.0,0.0,0.0,0.0,0.0,1.0,0.0,0.0,0.0
Terengganu,0.0,0.0,0.0,0.0,1.0,0.0,0.0,0.0,0.0,0.0,0.0
HokkaidÅ,0.0,0.0,0.0,0.0,0.0,0.0,0.0,0.0,0.0,2.0,0.0
Yunnan,0.0,0.0,0.0,0.0,0.0,0.0,0.0,0.0,1.0,0.0,0.0
Himachal Pradesh,0.0,0.0,0.0,0.0,0.0,0.0,0.0,0.0,0.0,1.0,0.0
AmapÃ¡,0.0,0.0,0.0,0.0,0.0,0.0,0.0,1.0,0.0,0.0,0.0
Valladolid Province,0.0,0.0,0.0,1.0,0.0,0.0,0.0,0.0,0.0,0.0,0.0
Yerevan,0.0,0.0,0.0,0.0,0.0,1.0,0.0,0.0,0.0,0.0,0.0
Trentino-South Tyrol,0.0,0.0,0.0,1.0,0.0,0.0,0.0,1.0,0.0,0.0,0.0
GyÅr,0.0,1.0,0.0,0.0,0.0,0.0,0.0,0.0,0.0,0.0,0.0
Taoyuan City,0.0,0.0,0.0,0.0,0.0,0.0,0.0,0.0,0.0,1.0,0.0
Yamaguchi Prefecture,0.0,0.0,0.0,0.0,0.0,0.0,0.0,1.0,0.0,0.0,0.0
Antalya Province,0.0,0.0,0.0,0.0,0.0,0.0,0.0,0.0,1.0,0.0,0.0
Wyoming,0.0,0.0,0.0,0.0,0.0,0.0,2.0,1.0,2.0,1.0,0.0
Gunma Prefecture,0.0,0.0,0.0,0.0,0.0,0.0,0.0,1.0,0.0,0.0,0.0
Maine-et-Loire,0.0,0.0,0.0,0.0,0.0,1.0,0.0,0.0,0.0,0.0,0.0
Fukui Prefecture,0.0,0.0,0.0,0.0,0.0,0.0,0.0,0.0,1.0,0.0,0.0
London Borough of Croydon,0.0,0.0,0.0,0.0,0.0,0.0,0.0,0.0,0.0,1.0,0.0
Loiret,0.0,0.0,0.0,0.0,1.0,0.0,0.0,0.0,0.0,0.0,0.0
North Dakota,0.0,0.0,0.0,0.0,0.0,0.0,0.0,0.0,2.0,0.0,0.0
Loire,0.0,0.0,0.0,0.0,0.0,0.0,0.0,1.0,0.0,0.0,0.0
Derbyshire,0.0,0.0,0.0,0.0,0.0,0.0,0.0,0.0,0.0,2.0,0.0
North West,0.0,0.0,0.0,1.0,0.0,0.0,0.0,0.0,0.0,0.0,0.0
Chelyabinsk Oblast,0.0,0.0,0.0,0.0,0.0,0.0,0.0,0.0,0.0,1.0,0.0
Limburg,0.0,0.0,0.0,0.0,0.0,0.0,1.0,0.0,0.0,1.0,0.0
Ceredigion,0.0,0.0,0.0,0.0,1.0,0.0,1.0,0.0,1.0,0.0,0.0
Oise,0.0,0.0,0.0,0.0,0.0,1.0,0.0,0.0,0.0,0.0,0.0
Doha,0.0,0.0,0.0,0.0,0.0,0.0,0.0,1.0,1.0,0.0,0.0
Las Palmas Province,0.0,0.0,0.0,0.0,0.0,0.0,0.0,1.0,0.0,0.0,0.0
Oran,0.0,0.0,0.0,0.0,0.0,0.0,0.0,1.0,0.0,0.0,0.0
Central Region,0.0,0.0,0.0,0.0,0.0,0.0,0.0,0.0,2.0,0.0,0.0
KÅchi Prefecture,0.0,0.0,0.0,0.0,0.0,0.0,0.0,0.0,1.0,0.0,0.0
KwaZulu-Natal,0.0,0.0,0.0,0.0,0.0,0.0,0.0,0.0,0.0,1.0,0.0
ParaÃ­ba,0.0,0.0,0.0,0.0,0.0,0.0,0.0,0.0,0.0,1.0,0.0
Peloponnese Region,0.0,0.0,0.0,0.0,1.0,0.0,0.0,0.0,0.0,0.0,0.0
North Aegean Region,0.0,0.0,0.0,0.0,0.0,1.0,0.0,0.0,1.0,0.0,0.0
London Borough of Ealing,0.0,0.0,0.0,0.0,0.0,0.0,0.0,0.0,0.0,1.0,0.0
Perlis,0.0,0.0,0.0,0.0,0.0,0.0,0.0,0.0,0.0,2.0,0.0
London Borough of Hounslow,0.0,0.0,0.0,0.0,0.0,0.0,0.0,1.0,0.0,0.0,0.0
Aberdeen,0.0,0.0,0.0,0.0,0.0,1.0,0.0,0.0,0.0,0.0,0.0
Maribor City Municipality,0.0,0.0,0.0,0.0,0.0,0.0,0.0,0.0,1.0,2.0,0.0
CÃ¡ceres Province,0.0,0.0,0.0,0.0,1.0,0.0,0.0,0.0,0.0,0.0,0.0
Cross River State,0.0,0.0,0.0,0.0,1.0,1.0,0.0,0.0,0.0,0.0,0.0
Mato Grosso do Sul,0.0,0.0,0.0,0.0,0.0,1.0,0.0,0.0,0.0,0.0,0.0
Mazandaran Province,0.0,0.0,0.0,0.0,0.0,1.0,0.0,1.0,0.0,0.0,0.0
Meurthe-et-Moselle,0.0,0.0,0.0,0.0,0.0,1.0,1.0,1.0,0.0,0.0,0.0
County Waterford,0.0,0.0,0.0,0.0,1.0,0.0,0.0,0.0,0.0,1.0,0.0
County Kildare,0.0,0.0,0.0,0.0,0.0,1.0,0.0,0.0,1.0,1.0,0.0
Montana,0.0,0.0,0.0,1.0,0.0,0.0,0.0,0.0,1.0,0.0,0.0
Moravian-Silesian Region,0.0,0.0,0.0,0.0,0.0,0.0,0.0,0.0,0.0,1.0,0.0
Morbihan,0.0,0.0,0.0,0.0,0.0,0.0,0.0,0.0,0.0,2.0,0.0
Debrecen,0.0,0.0,0.0,0.0,0.0,0.0,2.0,0.0,0.0,0.0,0.0
Nantou County,0.0,0.0,0.0,0.0,0.0,0.0,0.0,0.0,1.0,0.0,0.0
Nebraska,2.0,1.0,1.0,0.0,0.0,0.0,0.0,1.0,2.0,0.0,0.0
Colombo District,0.0,0.0,0.0,0.0,0.0,0.0,0.0,1.0,0.0,0.0,0.0
Cluj County,0.0,0.0,0.0,0.0,0.0,0.0,0.0,0.0,0.0,1.0,0.0
Perak,0.0,0.0,0.0,0.0,1.0,0.0,0.0,1.0,0.0,1.0,0.0
Castelo Branco District,0.0,0.0,0.0,0.0,0.0,1.0,0.0,0.0,0.0,0.0,0.0
Bihar,0.0,0.0,0.0,0.0,0.0,0.0,0.0,0.0,2.0,1.0,0.0
Epirus Region,0.0,0.0,0.0,0.0,0.0,0.0,0.0,0.0,0.0,1.0,0.0
Santa Catarina,0.0,0.0,0.0,0.0,0.0,0.0,0.0,0.0,0.0,1.0,0.0
Santa Cruz de Tenerife Province,0.0,0.0,0.0,0.0,0.0,0.0,0.0,0.0,0.0,1.0,0.0
Irbid Governorate,0.0,0.0,0.0,0.0,0.0,0.0,1.0,0.0,2.0,0.0,0.0
Fars Province,0.0,0.0,0.0,1.0,0.0,0.0,0.0,0.0,0.0,0.0,0.0
Inner Mongolia,0.0,0.0,0.0,0.0,0.0,0.0,0.0,0.0,0.0,1.0,0.0
Indre-et-Loire,0.0,0.0,0.0,0.0,0.0,0.0,0.0,0.0,0.0,1.0,0.0
Sejong City,0.0,0.0,1.0,0.0,0.0,0.0,0.0,0.0,0.0,0.0,0.0
Federal District,0.0,0.0,0.0,0.0,0.0,1.0,0.0,0.0,1.0,0.0,0.0
Bradford,0.0,0.0,0.0,0.0,0.0,1.0,0.0,2.0,0.0,0.0,0.0
Shanxi,0.0,0.0,0.0,0.0,0.0,0.0,0.0,0.0,0.0,2.0,0.0
BolÃ­var Department,0.0,0.0,0.0,0.0,0.0,0.0,0.0,0.0,0.0,1.0,0.0
Fife,0.0,0.0,0.0,0.0,0.0,0.0,0.0,0.0,1.0,0.0,0.0
Silesian Voivodeship,0.0,0.0,0.0,0.0,0.0,1.0,2.0,1.0,1.0,0.0,0.0
Ilfov County,0.0,0.0,0.0,0.0,0.0,0.0,0.0,1.0,0.0,0.0,0.0
South BaÄka District,0.0,0.0,0.0,0.0,0.0,0.0,0.0,0.0,1.0,1.0,0.0
Flemish Brabant,0.0,0.0,0.0,0.0,0.0,0.0,0.0,0.0,0.0,1.0,0.0
South Karelia,0.0,0.0,0.0,0.0,0.0,0.0,0.0,0.0,1.0,0.0,0.0
EskiÅehir Province,0.0,0.0,0.0,0.0,0.0,0.0,0.0,1.0,0.0,0.0,0.0
Ismailia Governorate,0.0,0.0,0.0,0.0,0.0,0.0,0.0,0.0,1.0,0.0,0.0
Pesaro and Urbino Province,0.0,0.0,0.0,0.0,0.0,0.0,0.0,0.0,1.0,0.0,0.0
Eastern Province,0.0,0.0,0.0,0.0,0.0,0.0,0.0,1.0,0.0,0.0,0.0
Kirklees,0.0,0.0,0.0,0.0,0.0,1.0,0.0,0.0,0.0,0.0,0.0
Khyber Pakhtunkhwa,0.0,0.0,0.0,0.0,0.0,0.0,0.0,2.0,0.0,0.0,0.0
CastellÃ³n Province,0.0,0.0,0.0,0.0,0.0,0.0,0.0,0.0,1.0,0.0,0.0
Kerman Province,0.0,0.0,0.0,0.0,0.0,0.0,0.0,0.0,0.0,1.0,0.0
Province of Brescia,0.0,0.0,0.0,0.0,0.0,1.0,0.0,0.0,0.0,0.0,0.0
Carinthia,0.0,0.0,0.0,0.0,0.0,0.0,1.0,0.0,0.0,0.0,0.0
Province of Frosinone,0.0,0.0,0.0,0.0,0.0,0.0,0.0,0.0,1.0,1.0,0.0
Province of L'Aquila,0.0,0.0,0.0,0.0,1.0,0.0,0.0,1.0,1.0,0.0,0.0
Province of Lucca,0.0,0.0,0.0,0.0,0.0,0.0,0.0,0.0,1.0,3.0,0.0
Province of Messina,0.0,0.0,0.0,1.0,0.0,1.0,0.0,0.0,0.0,0.0,0.0
Jerusalem District,0.0,0.0,0.0,1.0,0.0,0.0,0.0,0.0,0.0,0.0,0.0
Province of Potenza,0.0,0.0,0.0,0.0,0.0,0.0,0.0,0.0,0.0,1.0,0.0
Province of Udine,0.0,0.0,0.0,1.0,0.0,0.0,0.0,0.0,2.0,3.0,0.0
East Sussex,0.0,0.0,0.0,0.0,0.0,0.0,0.0,3.0,1.0,0.0,0.0
PyrÃ©nÃ©es-Orientales,0.0,1.0,0.0,0.0,0.0,0.0,0.0,0.0,0.0,0.0,0.0
Region of Southern Denmark,0.0,0.0,0.0,0.0,0.0,0.0,0.0,0.0,2.0,2.0,0.0
Busan,0.0,0.0,0.0,2.0,0.0,0.0,0.0,0.0,0.0,0.0,0.0
IsÃ¨re,0.0,0.0,0.0,0.0,0.0,0.0,3.0,1.0,0.0,0.0,0.0
