,pre_2012,post_2012
A CoruÃ±a,1.0,5.0
Aberdeen,0.0,1.0
Abu Dhabi Emirate,0.0,16.0
Aceh,0.0,0.0
Addis Ababa,0.0,0.0
AdÄ±yaman Province,0.0,0.0
Aichi Prefecture,2.0,39.0
Akershus,0.0,0.0
Akita Prefecture,0.0,1.0
Al Asimah Governorate,0.0,1.0
Al Daayen,0.0,12.0
Al Rayyan Municipality,0.0,10.0
Alabama,0.0,15.0
Alagoas,0.0,4.0
Alaska,0.0,0.0
Albacete Province,0.0,1.0
Alberta,8.0,57.0
Alexandria Governorate,0.0,5.0
Alicante Province,0.0,7.0
Almaty,0.0,0.0
AlmerÃ­a Province,0.0,0.0
Alpes-Maritimes,0.0,11.0
AmapÃ¡,0.0,1.0
Amazonas,0.0,0.0
Amman Governorate,0.0,3.0
Andhra Pradesh,1.0,50.0
Anhui,1.0,119.0
Ankara Province,2.0,49.0
Annaba Province,0.0,0.0
Antalya Province,0.0,1.0
Antioquia Department,0.0,3.0
Antwerp,1.0,5.0
Aomori Prefecture,0.0,0.0
Arad County,0.0,1.0
Ardabil Province,0.0,1.0
Arizona,5.0,84.0
Arkansas,0.0,22.0
Arua District,0.0,2.0
Assam,1.0,7.0
Asturias,0.0,1.0
AsunciÃ³n,0.0,0.0
Aswan Governorate,0.0,0.0
Asyut Governorate,0.0,1.0
Attica Region,1.0,26.0
Auckland Region,0.0,9.0
Australian Capital Territory,14.0,181.0
Aveiro District,0.0,1.0
Azad Kashmir,0.0,0.0
Azores,0.0,0.0
Baden-WÃ¼rttemberg,12.0,251.0
Baghdad Governorate,0.0,0.0
Bagmati Zone,0.0,0.0
Bahia,0.0,3.0
Baja California,0.0,0.0
Baku,0.0,0.0
Balearic Islands,0.0,1.0
Balqa Governorate,0.0,2.0
Bangkok,1.0,2.0
Barcelona Province,2.0,117.0
Bas-Rhin,0.0,7.0
Basel-Stadt,0.0,9.0
Basra Governorate,0.0,0.0
Bath and North East Somerset,2.0,11.0
Batman Province,0.0,0.0
Bavaria,16.0,384.0
Beijing,20.0,1196.0
Beirut Governorate,1.0,2.0
Belfast city council district,0.0,8.0
Belgrade,1.0,5.0
Benevento Province,0.0,2.0
Beni Suef Governorate,0.0,0.0
Berlin,11.0,143.0
Bihar,0.0,3.0
Birmingham,2.0,15.0
Biscay,0.0,6.0
Blekinge County,0.0,3.0
BogotÃ¡,0.0,15.0
BolÃ­var Department,0.0,1.0
Borno State,0.0,0.0
Bouches-du-RhÃ´ne,1.0,4.0
Bournemouth,0.0,0.0
Bradford,0.0,3.0
Braga District,0.0,3.0
Brandenburg,3.0,11.0
Bratislava Region,0.0,0.0
Bremen,3.0,13.0
Brighton and Hove,0.0,0.0
Bristol,2.0,22.0
British Columbia,3.0,74.0
Brunei-Muara District,0.0,0.0
Brussels-Capital Region,2.0,15.0
Bucharest,1.0,22.0
Budapest,6.0,11.0
Buenos Aires,1.0,13.0
Buenos Aires Province,0.0,0.0
Bulawayo,1.0,2.0
Burdur Province,0.0,0.0
Burgos Province,0.0,0.0
Busan,2.0,0.0
BÃ©jaÃ¯a Province,0.0,0.0
BÃ­o BÃ­o Region,0.0,2.0
Cairo Governorate,0.0,3.0
California,105.0,1954.0
Calvados,0.0,0.0
Cambridgeshire,11.0,173.0
Cantabria,0.0,3.0
Canterbury Region,0.0,4.0
Canton of Bern,0.0,39.0
Canton of Fribourg,2.0,13.0
Canton of Geneva,2.0,10.0
Canton of Jura,2.0,3.0
Canton of Lucerne,0.0,1.0
Canton of NeuchÃ¢tel,0.0,0.0
Canton of St. Gallen,0.0,0.0
Canton of Valais,0.0,22.0
Canton of Vaud,13.0,144.0
Canton of ZÃ¼rich,13.0,303.0
Capital District,0.0,0.0
Capital Region of Denmark,2.0,52.0
Cardiff,0.0,10.0
Carinthia,0.0,1.0
CastellÃ³n Province,0.0,1.0
Castelo Branco District,0.0,1.0
Central Denmark Region,0.0,10.0
Central Department,0.0,0.0
Central District,1.0,42.0
Central Finland,0.0,0.0
Central Java Province,0.0,1.0
Central Macedonia,1.0,9.0
Central Region,0.0,2.0
Central Singapore Community Development Council,0.0,15.0
Ceredigion,1.0,2.0
Chaharmahal and Bakhtiari Province,0.0,0.0
Chandigarh,0.0,0.0
Chattogram Division,0.0,0.0
Chelyabinsk Oblast,0.0,1.0
Cheshire West and Chester,0.0,0.0
Chiang Mai,0.0,0.0
Chiayi City,0.0,1.0
Chiayi County,0.0,1.0
Chiba Prefecture,0.0,9.0
ChiÈinÄu,0.0,0.0
Chongqing,0.0,15.0
City of London,0.0,0.0
City of Sunderland,0.0,0.0
City of Westminster,0.0,3.0
Cluj County,0.0,1.0
Coimbra District,0.0,12.0
Colima,0.0,0.0
Colombo District,0.0,1.0
Colorado,3.0,70.0
Community of Madrid,6.0,62.0
Connecticut,2.0,42.0
Constantine Province,0.0,0.0
ConstanÈa County,0.0,1.0
County Clare,0.0,1.0
County Cork,0.0,5.0
County Dublin,0.0,30.0
County Durham,0.0,8.0
County Galway,0.0,13.0
County Kildare,0.0,3.0
County Limerick,0.0,2.0
County Waterford,1.0,1.0
County Westmeath,0.0,0.0
Coventry,2.0,44.0
Crete,0.0,10.0
Cross River State,1.0,1.0
Cundinamarca Department,0.0,0.0
CÃ¡ceres Province,1.0,0.0
CÃ¡diz Province,0.0,0.0
CÃ³rdoba Department,0.0,4.0
CÃ³rdoba Province,0.0,1.0
CÃ´te-d'Or,0.0,3.0
Daegu,0.0,0.0
Daejeon,0.0,36.0
Dakahlia Governorate,0.0,0.0
Dakar,0.0,0.0
Debrecen,0.0,2.0
Delaware,0.0,19.0
Delhi,0.0,55.0
Derbyshire,0.0,2.0
Devon,0.0,7.0
Dhaka Division,2.0,10.0
Doha,0.0,2.0
Dolj County,0.0,0.0
Doubs,0.0,0.0
Dubai,0.0,10.0
Dundee,0.0,0.0
Dushanbe,0.0,8.0
DÃ¼zce Province,0.0,0.0
East Azerbaijan Province,0.0,1.0
East Flanders,3.0,37.0
East Java,0.0,0.0
East Macedonia and Thrace,0.0,6.0
East Sussex,1.0,4.0
Eastern Cape,0.0,0.0
Eastern Province,0.0,1.0
Edinburgh,8.0,145.0
Ehime Prefecture,0.0,0.0
ElazÄ±Ä Province,0.0,0.0
Epirus Region,0.0,1.0
EskiÅehir Province,0.0,1.0
Essex,0.0,12.0
Essonne,12.0,103.0
Faiyum Governorate,0.0,0.0
Fars Province,1.0,0.0
Federal District,0.0,2.0
Fife,0.0,1.0
Finland Proper,3.0,4.0
Flemish Brabant,1.0,1.0
Florida,7.0,156.0
Free State,0.0,0.0
Fujian,1.0,54.0
Fukui Prefecture,0.0,1.0
Fukuoka Prefecture,0.0,11.0
Fukushima Prefecture,0.0,0.0
Gangwon Province,0.0,1.0
Gansu,0.0,0.0
Gauteng,7.0,8.0
Gazi Baba Municipality,0.0,0.0
Gelderland,4.0,48.0
Georgia,8.0,216.0
Gharbia Governorate,0.0,1.0
Gifu Prefecture,0.0,3.0
Girona Province,0.0,5.0
Gironde,1.0,9.0
Giza Governorate,0.0,4.0
Glasgow,4.0,39.0
Granada Province,0.0,13.0
Grand Casablanca,0.0,0.0
Greater Poland Voivodeship,0.0,9.0
Grodno Region,0.0,0.0
Groningen,2.0,15.0
Guanacaste Province,0.0,0.0
Guanajuato,0.0,0.0
Guangdong,5.0,342.0
Guangxi Zhuang Autonomous Region,0.0,7.0
Guatemala Department,0.0,1.0
Guizhou,0.0,2.0
Gujarat,6.0,11.0
Gunma Prefecture,0.0,1.0
Gwangju,0.0,3.0
Gwynedd,0.0,0.0
Gyeonggi Province,0.0,9.0
GyÅr,1.0,0.0
Haifa District,13.0,91.0
Hainaut,1.0,7.0
Halland County,0.0,3.0
Hamadan Province,0.0,4.0
Hamburg,1.0,31.0
Hampshire,0.0,0.0
Hanoi,0.0,2.0
Harju County,0.0,5.0
Haryana,1.0,3.0
Haute-Garonne,4.0,29.0
Haute-Vienne,0.0,0.0
Hauts-de-Seine,3.0,10.0
Havana,0.0,0.0
Hawaii,0.0,3.0
Hawke's Bay Region,0.0,0.0
Hebei,0.0,68.0
Heilongjiang,3.0,103.0
Henan,1.0,14.0
Hertfordshire,0.0,0.0
Hesse,2.0,18.0
Hidalgo,0.0,0.0
Himachal Pradesh,0.0,1.0
Hiroshima Prefecture,1.0,12.0
Ho Chi Minh City,0.0,0.0
HokkaidÅ,0.0,2.0
Hordaland,0.0,3.0
Hsinchu,0.0,32.0
Hubei,1.0,140.0
Huelva Province,0.0,0.0
Hunan,0.0,85.0
HyÅgo Prefecture,1.0,4.0
HÃ©rault,1.0,5.0
IaÈi County,0.0,1.0
Ibaraki Prefecture,0.0,31.0
Idaho,0.0,16.0
Ilfov County,0.0,1.0
Ille-et-Vilaine,1.0,8.0
Illinois,28.0,395.0
Incheon,1.0,5.0
Indiana,10.0,178.0
Indre-et-Loire,0.0,1.0
Inner Mongolia,0.0,1.0
Iowa,3.0,48.0
Irbid Governorate,0.0,3.0
Irkutsk Oblast,0.0,2.0
Isfahan Province,1.0,10.0
Ishikawa Prefecture,0.0,12.0
Islamabad Capital Territory,0.0,16.0
Ismailia Governorate,0.0,1.0
Istanbul Province,0.0,19.0
IsÃ¨re,0.0,4.0
Iwate Prefecture,0.0,0.0
Izmir Province,0.0,2.0
Jakarta,6.0,49.0
Jalisco,0.0,5.0
JaÃ©n Province,0.0,4.0
Jeju,0.0,1.0
Jerusalem District,1.0,0.0
Jharkhand,0.0,0.0
Jiangsu,4.0,188.0
Jiangxi,0.0,9.0
Jilin,0.0,9.0
Jizan Region,0.0,0.0
JÃ¶nkÃ¶ping County,0.0,0.0
Kagawa Prefecture,0.0,0.0
Kagoshima Prefecture,0.0,0.0
Kalmar County,0.0,1.0
Kampala District,0.0,0.0
Kanagawa Prefecture,0.0,6.0
Kansas,1.0,13.0
Kaohsiung City,1.0,11.0
Karnataka,1.0,15.0
Kaunas County,0.0,1.0
Kent,0.0,6.0
Kentucky,2.0,28.0
Kerala,0.0,1.0
Kerman Province,0.0,1.0
Kermanshah Province,0.0,0.0
Kharkiv Oblast,0.0,0.0
Khon Kaen,0.0,0.0
Khyber Pakhtunkhwa,0.0,2.0
Kiev,0.0,2.0
Kingston upon Hull,0.0,0.0
Kinmen,0.0,0.0
Kirklees,0.0,1.0
Kocaeli Province,0.0,8.0
Konya Province,0.0,0.0
Koper City Municipality,0.0,0.0
KoÅ¡ice Region,0.0,1.0
Krasnoyarsk Krai,0.0,0.0
Kuala Lumpur,0.0,2.0
Kumamoto Prefecture,0.0,0.0
Kuyavian-Pomeranian Voivodeship,0.0,1.0
KwaZulu-Natal,0.0,1.0
Kwara State,0.0,0.0
KyÅto Prefecture,2.0,29.0
KÅchi Prefecture,0.0,1.0
La Rioja,0.0,0.0
Lancashire,0.0,17.0
Landes,0.0,0.0
Las Palmas Province,0.0,1.0
Leeds,0.0,8.0
Leicester,2.0,8.0
Leicestershire,1.0,5.0
Lesser Poland Voivodeship,0.0,19.0
LeÃ³n Province,0.0,18.0
Liaoning,5.0,115.0
Liberec Region,0.0,0.0
Liguria,1.0,22.0
Limassol District,0.0,5.0
Limburg,0.0,2.0
Lincolnshire,0.0,6.0
Lisbon District,3.0,15.0
Littoral Department,0.0,0.0
Liverpool,0.0,23.0
LiÃ¨ge,3.0,13.0
Ljubljana City Municipality,0.0,13.0
Lleida Province,0.0,0.0
Loire,0.0,1.0
Loire-Atlantique,1.0,5.0
Loiret,1.0,0.0
London Borough of Barnet,0.0,0.0
London Borough of Camden,4.0,46.0
London Borough of Croydon,0.0,1.0
London Borough of Ealing,0.0,1.0
London Borough of Enfield,0.0,0.0
London Borough of Harrow,0.0,0.0
London Borough of Hillingdon,0.0,1.0
London Borough of Hounslow,0.0,1.0
London Borough of Islington,0.0,7.0
London Borough of Lambeth,0.0,0.0
London Borough of Lewisham,0.0,2.0
London Borough of Newham,0.0,0.0
London Borough of Richmond upon Thames,0.0,0.0
London Borough of Southwark,0.0,1.0
London Borough of Tower Hamlets,0.0,103.0
London Borough of Wandsworth,0.0,2.0
Los RÃ­os Region,0.0,0.0
Louisiana,8.0,19.0
Lower Austria,0.0,24.0
Lower Saxony,7.0,36.0
Lower Silesian Voivodeship,0.0,8.0
Lublin Voivodeship,0.0,1.0
Lubusz Voivodeship,0.0,0.0
Luton,0.0,1.0
Lviv Oblast,0.0,0.0
Macau,1.0,14.0
Madaba Governorate,0.0,0.0
Madeira,0.0,0.0
Madhya Pradesh,0.0,3.0
Maha Sarakham,0.0,0.0
Maharashtra,7.0,43.0
Maine,0.0,0.0
Maine-et-Loire,0.0,1.0
Makkah Region,3.0,40.0
Malacca,0.0,3.0
Malatya Province,0.0,0.0
Manawatu-Wanganui Region,0.0,2.0
Manchester,2.0,19.0
Manitoba,0.0,7.0
Maribor City Municipality,0.0,3.0
Markazi Province,0.0,0.0
Marne,0.0,0.0
Marrakesh-Tensift-El Haouz,0.0,0.0
Maryland,20.0,509.0
Masovian Voivodeship,0.0,43.0
Massachusetts,47.0,792.0
Mato Grosso do Sul,0.0,1.0
Mazandaran Province,0.0,2.0
Mecklenburg-Western Pomerania,0.0,6.0
Mendoza Province,0.0,1.0
Metro Manila,0.0,1.0
Meurthe-et-Moselle,0.0,3.0
Mexico City,1.0,11.0
Miaoli County,0.0,1.0
Michigan,11.0,238.0
MichoacÃ¡n,0.0,0.0
Middlesbrough,0.0,0.0
Milton Keynes,0.0,0.0
Minas Gerais,0.0,21.0
Minnesota,19.0,67.0
Minsk,0.0,0.0
Minya Governorate,0.0,1.0
Miranda,0.0,2.0
Miskolc,0.0,0.0
Mississippi,1.0,6.0
Missouri,7.0,52.0
Miyagi Prefecture,0.0,15.0
Monastir Governorate,0.0,0.0
Montana,1.0,1.0
Montevideo,0.0,2.0
Moravian-Silesian Region,0.0,1.0
Moravica District,0.0,0.0
Morbihan,0.0,2.0
Moscow,0.0,48.0
Moscow Oblast,0.0,38.0
Mount Lebanon Governorate,0.0,0.0
Muscat Governorate,0.0,0.0
MÃ©xico,0.0,0.0
Nagano Prefecture,0.0,2.0
Nagasaki Prefecture,0.0,0.0
Nakhon Pathom,0.0,0.0
Nantou County,0.0,1.0
Nara Prefecture,0.0,39.0
Nasarawa State,0.0,0.0
Navarre,0.0,0.0
Nebraska,7.0,3.0
Nevada,0.0,5.0
New Brunswick,0.0,0.0
New Hampshire,0.0,28.0
New Jersey,19.0,272.0
New Mexico,8.0,31.0
New Providence,0.0,0.0
New South Wales,11.0,273.0
New Taipei City,0.0,3.0
New York,28.0,617.0
Newcastle upon Tyne,0.0,7.0
Newfoundland and Labrador,0.0,4.0
Niamey,0.0,0.0
Nicosia District,0.0,7.0
Niigata Prefecture,0.0,1.0
Nizhny Novgorod Oblast,0.0,0.0
NiÅ¡ava District,0.0,0.0
Nord,1.0,16.0
Nordland,0.0,0.0
Norfolk,0.0,14.0
Norrbotten County,0.0,4.0
North Aegean Region,0.0,2.0
North Brabant,0.0,40.0
North Carolina,16.0,220.0
North Chungcheong Province,0.0,0.0
North Dakota,0.0,2.0
North Denmark Region,5.0,11.0
North Governorate,0.0,4.0
North Gyeongsang Province,0.0,40.0
North Holland,1.0,111.0
North Jeolla Province,0.0,2.0
North Rhine-Westphalia,6.0,150.0
North West,1.0,0.0
Northern Ostrobothnia,0.0,24.0
Northern Savonia,0.0,2.0
Northern Territory,0.0,0.0
Nottingham,4.0,23.0
Nova Gorica,0.0,0.0
Nova Scotia,0.0,8.0
Novosibirsk Oblast,0.0,0.0
Nuevo LeÃ³n,0.0,0.0
Odisha,0.0,5.0
Ohio,10.0,101.0
Oise,0.0,1.0
Okayama Prefecture,0.0,1.0
Okinawa Prefecture,0.0,5.0
Oklahoma,5.0,8.0
Omsk Oblast,0.0,2.0
Ontario,22.0,362.0
Oran,0.0,1.0
Oregon,4.0,36.0
Oromia Region,0.0,0.0
Osijek-Baranja County,0.0,0.0
Oslo,1.0,11.0
Otago Region,0.0,1.0
Overijssel,1.0,12.0
Oxfordshire,6.0,310.0
Pahang,0.0,1.0
PanamÃ¡ Province,0.0,0.0
ParanÃ¡,0.0,4.0
ParaÃ­ba,0.0,1.0
Paris,35.0,153.0
ParÃ¡,0.0,0.0
Pathum Thani,0.0,0.0
Peloponnese Region,1.0,0.0
Penang,0.0,0.0
Pennsylvania,9.0,269.0
Perak,1.0,2.0
Perlis,0.0,2.0
Pernambuco,0.0,27.0
Pesaro and Urbino Province,0.0,1.0
Pest County,0.0,0.0
Phnom Penh,0.0,5.0
Pichincha Province,0.0,0.0
Pingtung County,0.0,1.0
Plaines Wilhems District,0.0,0.0
Plymouth,0.0,0.0
PlzeÅ-City District,0.0,5.0
Podgorica Municipality,0.0,0.0
Podkarpackie Voivodeship,0.0,0.0
Podlaskie Voivodeship,0.0,0.0
Pomeranian Voivodeship,0.0,0.0
Pontevedra Province,0.0,7.0
Port Said Governorate,0.0,0.0
Porto District,0.0,6.0
Portsmouth,0.0,0.0
Prague,1.0,59.0
PreÅ¡ov Region,0.0,0.0
Primorje-Gorski Kotar County,0.0,1.0
Primorsky Krai,0.0,0.0
Province of Ancona,1.0,1.0
Province of Bari,0.0,5.0
Province of Bergamo,0.0,0.0
Province of Bologna,0.0,19.0
Province of Brescia,0.0,1.0
Province of Cagliari,1.0,12.0
Province of Catania,0.0,4.0
Province of Chieti,0.0,0.0
Province of Cosenza,5.0,5.0
Province of Enna,0.0,0.0
Province of Ferrara,1.0,4.0
Province of Florence,9.0,168.0
Province of Frosinone,0.0,2.0
Province of L'Aquila,1.0,2.0
Province of Lecce,0.0,0.0
Province of Lucca,0.0,4.0
Province of Macerata,0.0,1.0
Province of Messina,1.0,1.0
Province of Milan,4.0,56.0
Province of Modena,0.0,15.0
Province of Naples,1.0,2.0
Province of Padua,0.0,25.0
Province of Palermo,0.0,0.0
Province of Parma,0.0,6.0
Province of Pavia,0.0,5.0
Province of Perugia,1.0,7.0
Province of Pisa,5.0,20.0
Province of Potenza,0.0,1.0
Province of Reggio Calabria,0.0,0.0
Province of Rome,2.0,40.0
Province of Salerno,0.0,0.0
Province of Sassari,0.0,3.0
Province of Siena,0.0,3.0
Province of Trieste,0.0,3.0
Province of Turin,3.0,22.0
Province of Udine,1.0,5.0
Province of Varese,0.0,8.0
Province of Venice,0.0,11.0
Province of Vercelli,0.0,0.0
Province of Verona,1.0,7.0
Province of Vicenza,0.0,0.0
Puebla,0.0,0.0
Puerto Rico,0.0,0.0
Punjab,2.0,52.0
PyrÃ©nÃ©es-Orientales,1.0,0.0
PÃ©cs,0.0,0.0
Qazvin Province,0.0,0.0
Qena Governorate,0.0,0.0
Quebec,15.0,340.0
Queensland,5.0,104.0
Rabat-SalÃ©-Zemmour-Zaer,15.0,81.0
Rajasthan,0.0,8.0
Razavi Khorasan Province,1.0,3.0
Region Zealand,0.0,0.0
Region of Murcia,8.0,42.0
Region of Southern Denmark,0.0,4.0
Renfrewshire,0.0,0.0
Republic of Bashkortostan,0.0,0.0
Republic of Tatarstan,0.0,2.0
ReykjavÃ­k,0.0,7.0
Rhineland-Palatinate,2.0,48.0
Rhode Island,5.0,46.0
RhÃ´ne,0.0,17.0
Riga,1.0,3.0
Rio Grande do Norte,0.0,2.0
Rio Grande do Sul,1.0,14.0
Rio de Janeiro,2.0,13.0
Risaralda Department,0.0,0.0
RiviÃ¨re Noire District,0.0,6.0
Riyadh Region,0.0,6.0
Rogaland,0.0,3.0
Royal Borough of Kensington and Chelsea,5.0,196.0
RÃ©union,0.0,0.0
Saarland,4.0,34.0
Saint Andrew,0.0,2.0
Saint Petersburg,0.0,6.0
Saitama Prefecture,1.0,4.0
Sakha Republic,0.0,0.0
Salamanca Province,0.0,0.0
Salzburg,0.0,7.0
Samsun Province,0.0,0.0
San JosÃ© Province,0.0,0.0
San Miguel Department,0.0,0.0
San Ä wann,0.0,3.0
Santa Catarina,0.0,1.0
Santa Cruz de Tenerife Province,0.0,1.0
Santander Department,0.0,0.0
Santiago Metropolitan Region,1.0,13.0
Sarajevo Canton,0.0,0.0
Saratov Oblast,0.0,0.0
Sarawak,0.0,0.0
Sarthe,0.0,10.0
Saskatchewan,0.0,10.0
Savoie,0.0,0.0
Saxony,7.0,69.0
Saxony-Anhalt,0.0,4.0
Schleswig-Holstein,0.0,9.0
Seine-Maritime,0.0,5.0
Seine-Saint-Denis,0.0,0.0
Seine-et-Marne,0.0,1.0
Sejong City,1.0,0.0
Selangor,1.0,4.0
Semnan Province,0.0,0.0
Seoul,3.0,157.0
Seville Province,0.0,6.0
Sfax Governorate,0.0,0.0
Shaanxi,3.0,135.0
Shandong,4.0,56.0
Shanghai,5.0,315.0
Shanxi,0.0,2.0
Sharjah Emirate,0.0,3.0
Sheffield,2.0,36.0
Shiga Prefecture,0.0,0.0
Shizuoka Prefecture,0.0,3.0
Sichuan,3.0,106.0
Silesian Voivodeship,0.0,5.0
Sindh,0.0,5.0
Sistan and Baluchestan,0.0,0.0
SkÃ¥ne County,1.0,9.0
Sofia City Province,0.0,8.0
Sofia Province,0.0,0.0
Sohag Governorate,0.0,1.0
Somme,0.0,1.0
Songkhla,0.0,0.0
Sonora,0.0,0.0
Sousse Governorate,0.0,0.0
South Australia,14.0,306.0
South BaÄka District,0.0,2.0
South Carolina,1.0,18.0
South Chungcheong Province,0.0,2.0
South Dakota,0.0,2.0
South Gloucestershire,2.0,7.0
South Gyeongsang Province,0.0,1.0
South Holland,3.0,84.0
South Jeolla Province,0.0,0.0
South Karelia,0.0,1.0
South Moravian Region,1.0,21.0
South West Community Development Council,24.0,497.0
Southampton,1.0,10.0
Southern District,2.0,26.0
Southwest,0.0,5.0
Staffordshire,0.0,2.0
Stavropol Krai,0.0,0.0
Stirling,0.0,8.0
Stockholm County,4.0,55.0
Stoke-on-Trent,0.0,0.0
Styria,2.0,62.0
Suffolk,0.0,0.0
Sulaymaniyah Governorate,0.0,0.0
Surrey,4.0,48.0
Sverdlovsk Oblast,0.0,5.0
Swindon,0.0,4.0
Szeged,1.0,0.0
SÃ£o Paulo,6.0,37.0
SÃ¸r-TrÃ¸ndelag,1.0,18.0
Tabuk Region,0.0,0.0
Tainan,0.0,3.0
Taipei,2.0,114.0
Tambov Oblast,0.0,0.0
Tamil Nadu,2.0,37.0
Taoyuan City,0.0,1.0
Tarragona Province,0.0,1.0
Tartu County,0.0,0.0
Tasmania,0.0,1.0
Tbilisi,0.0,9.0
Tehran Province,3.0,74.0
Tel Aviv District,10.0,134.0
Telford and Wrekin,0.0,0.0
Tennessee,5.0,54.0
Terengganu,1.0,0.0
Texas,28.0,370.0
Thessaly,0.0,0.0
Thurgau,0.0,1.0
Thuringia,0.0,1.0
Thyolo District,0.0,0.0
Tianjin,1.0,63.0
Ticino,5.0,26.0
Tlemcen Province,0.0,0.0
Tochigi Prefecture,0.0,0.0
Tokushima Prefecture,0.0,0.0
Tokyo,16.0,223.0
Tomsk Oblast,0.0,0.0
Tottori Prefecture,0.0,0.0
Trabzon Province,0.0,0.0
Trentino,3.0,97.0
Trentino-South Tyrol,1.0,1.0
Trinity Palmetto Point Parish,0.0,2.0
Tripura,1.0,0.0
Tuamasaga,0.0,0.0
Tunis Governorate,0.0,1.0
Tver Oblast,0.0,0.0
Tyrol,0.0,14.0
Udmurt Republic,0.0,0.0
Ulsan,0.0,8.0
Ulyanovsk Oblast,0.0,0.0
Upper Austria,1.0,37.0
Uppsala County,0.0,26.0
Utah,8.0,38.0
Utrecht,0.0,20.0
Uttar Pradesh,3.0,37.0
Uttarakhand,0.0,12.0
Uusimaa,1.0,12.0
Val-d'Oise,0.0,6.0
Val-de-Marne,0.0,0.0
Valencia Province,1.0,16.0
Valladolid Province,1.0,0.0
ValparaÃ­so Region,0.0,2.0
Van Province,0.0,0.0
Vaucluse,0.0,2.0
Ventspils,0.0,0.0
Vermont,1.0,6.0
Vestfold,0.0,0.0
VeszprÃ©m,0.0,0.0
Victoria,12.0,134.0
Vienna,10.0,45.0
Vienne,0.0,1.0
Vilnius County,0.0,0.0
Virginia,7.0,150.0
Viseu District,0.0,0.0
Volgograd Oblast,0.0,0.0
Vorarlberg,0.0,0.0
VÃ¤rmland County,0.0,0.0
VÃ¤sterbotten County,0.0,2.0
VÃ¤sternorrland County,0.0,0.0
VÃ¤stra GÃ¶taland County,0.0,29.0
Waikato Region,1.0,3.0
Wakayama Prefecture,0.0,0.0
Walloon Brabant,6.0,10.0
Washington,20.0,278.0
Wellington Region,0.0,16.0
West Agder,0.0,3.0
West Bengal,5.0,61.0
West Greece Region,0.0,10.0
West Java Province,0.0,3.0
West Macedonia Region,0.0,1.0
West Pomeranian Voivodeship,0.0,1.0
West Virginia,0.0,22.0
Western Australia,0.0,31.0
Western Cape,0.0,12.0
Wisconsin,7.0,64.0
Wokingham,0.0,2.0
Wolverhampton,0.0,4.0
Wyoming,0.0,6.0
Xinjiang,0.0,0.0
Yamagata Prefecture,0.0,0.0
Yamaguchi Prefecture,0.0,1.0
Yamanashi Prefecture,0.0,0.0
Yaroslavl Oblast,0.0,0.0
Yazd Province,1.0,1.0
Yerevan,0.0,1.0
Yilan County,0.0,0.0
York,0.0,14.0
Yunnan,0.0,1.0
Yvelines,25.0,173.0
Zagreb,0.0,5.0
Zanjan Province,1.0,0.0
Zaragoza Province,1.0,12.0
Zarqa Governorate,0.0,0.0
Zhejiang,7.0,119.0
canton of Aargau,0.0,3.0
Ãanakkale Province,0.0,1.0
ÃankÄ±rÄ± Province,0.0,0.0
Ãrebro County,0.0,2.0
ÃstergÃ¶tland County,2.0,29.0
Äair Municipality,0.0,0.0
ÅÃ³dÅº Voivodeship,0.0,0.0
Åita Prefecture,0.0,0.0
Åsaka Prefecture,1.0,17.0
